"flow_sequence","injection_id"
197277,"20260904-brute_force-0"
197278,"20260904-brute_force-0"
197280,"20260904-brute_force-0"
197285,"20260904-brute_force-0"
197286,"20260904-brute_force-0"
197288,"20260904-brute_force-0"
197290,"20260904-brute_force-0"
197293,"20260904-brute_force-0"
197294,"20260904-brute_force-0"
197298,"20260904-brute_force-0"
197300,"20260904-brute_force-0"
197301,"20260904-brute_force-0"
197303,"20260904-brute_force-0"
197305,"20260904-brute_force-0"
197306,"20260904-brute_force-0"
197307,"20260904-brute_force-0"
197310,"20260904-brute_force-0"
197311,"20260904-brute_force-0"
197312,"20260904-brute_force-0"
197314,"20260904-brute_force-0"
197316,"20260904-brute_force-0"
197318,"20260904-brute_force-0"
197320,"20260904-brute_force-0"
197323,"20260904-brute_force-0"
197324,"20260904-brute_force-0"
197325,"20260904-brute_force-0"
197326,"20260904-brute_force-0"
197330,"20260904-brute_force-0"
197331,"20260904-brute_force-0"
197333,"20260904-brute_force-0"
197334,"20260904-brute_force-0"
197335,"20260904-brute_force-0"
197337,"20260904-brute_force-0"
197340,"20260904-brute_force-0"
197346,"20260904-brute_force-0"
197347,"20260904-brute_force-0"
197350,"20260904-brute_force-0"
197351,"20260904-brute_force-0"
197352,"20260904-brute_force-0"
197360,"20260904-brute_force-0"
197361,"20260904-brute_force-0"
197362,"20260904-brute_force-0"
197363,"20260904-brute_force-0"
197364,"20260904-brute_force-0"
197366,"20260904-brute_force-0"
197367,"20260904-brute_force-0"
197368,"20260904-brute_force-0"
197370,"20260904-brute_force-0"
197371,"20260904-brute_force-0"
197373,"20260904-brute_force-0"
197376,"20260904-brute_force-0"
197377,"20260904-brute_force-0"
197378,"20260904-brute_force-0"
197381,"20260904-brute_force-0"
197382,"20260904-brute_force-0"
197384,"20260904-brute_force-0"
197385,"20260904-brute_force-0"
197386,"20260904-brute_force-0"
197388,"20260904-brute_force-0"
197389,"20260904-brute_force-0"
197390,"20260904-brute_force-0"
197391,"20260904-brute_force-0"
197392,"20260904-brute_force-0"
197393,"20260904-brute_force-0"
197398,"20260904-brute_force-0"
197399,"20260904-brute_force-0"
197400,"20260904-brute_force-0"
197401,"20260904-brute_force-0"
197402,"20260904-brute_force-0"
197403,"20260904-brute_force-0"
197404,"20260904-brute_force-0"
197405,"20260904-brute_force-0"
197406,"20260904-brute_force-0"
197407,"20260904-brute_force-0"
197410,"20260904-brute_force-0"
197411,"20260904-brute_force-0"
197412,"20260904-brute_force-0"
197416,"20260904-brute_force-0"
197418,"20260904-brute_force-0"
197420,"20260904-brute_force-0"
197421,"20260904-brute_force-0"
197422,"20260904-brute_force-0"
197424,"20260904-brute_force-0"
197425,"20260904-brute_force-0"
197426,"20260904-brute_force-0"
197428,"20260904-brute_force-0"
197432,"20260904-brute_force-0"
197433,"20260904-brute_force-0"
197434,"20260904-brute_force-0"
197436,"20260904-brute_force-0"
197437,"20260904-brute_force-0"
197438,"20260904-brute_force-0"
197440,"20260904-brute_force-0"
197441,"20260904-brute_force-0"
197443,"20260904-brute_force-0"
197446,"20260904-brute_force-0"
197450,"20260904-brute_force-0"
197451,"20260904-brute_force-0"
197453,"20260904-brute_force-0"
197454,"20260904-brute_force-0"
197455,"20260904-brute_force-0"
197457,"20260904-brute_force-0"
197461,"20260904-brute_force-0"
197462,"20260904-brute_force-0"
197463,"20260904-brute_force-0"
197465,"20260904-brute_force-0"
197467,"20260904-brute_force-0"
197468,"20260904-brute_force-0"
197469,"20260904-brute_force-0"
197470,"20260904-brute_force-0"
197471,"20260904-brute_force-0"
197474,"20260904-brute_force-0"
197476,"20260904-brute_force-0"
197477,"20260904-brute_force-0"
197478,"20260904-brute_force-0"
197481,"20260904-brute_force-0"
197483,"20260904-brute_force-0"
197486,"20260904-brute_force-0"
197487,"20260904-brute_force-0"
197489,"20260904-brute_force-0"
197490,"20260904-brute_force-0"
197492,"20260904-brute_force-0"
197493,"20260904-brute_force-0"
197494,"20260904-brute_force-0"
197495,"20260904-brute_force-0"
197497,"20260904-brute_force-0"
197500,"20260904-brute_force-0"
197501,"20260904-brute_force-0"
197505,"20260904-brute_force-0"
197510,"20260904-brute_force-0"
197511,"20260904-brute_force-0"
197512,"20260904-brute_force-0"
197513,"20260904-brute_force-0"
197514,"20260904-brute_force-0"
197518,"20260904-brute_force-0"
197519,"20260904-brute_force-0"
197521,"20260904-brute_force-0"
197522,"20260904-brute_force-0"
197523,"20260904-brute_force-0"
197524,"20260904-brute_force-0"
197525,"20260904-brute_force-0"
197526,"20260904-brute_force-0"
197527,"20260904-brute_force-0"
197530,"20260904-brute_force-0"
197531,"20260904-brute_force-0"
197533,"20260904-brute_force-0"
197534,"20260904-brute_force-0"
197538,"20260904-brute_force-0"
197539,"20260904-brute_force-0"
197540,"20260904-brute_force-0"
197541,"20260904-brute_force-0"
197543,"20260904-brute_force-0"
197544,"20260904-brute_force-0"
197545,"20260904-brute_force-0"
197548,"20260904-brute_force-0"
197551,"20260904-brute_force-0"
197552,"20260904-brute_force-0"
197555,"20260904-brute_force-0"
197558,"20260904-brute_force-0"
197560,"20260904-brute_force-0"
197561,"20260904-brute_force-0"
197562,"20260904-brute_force-0"
197563,"20260904-brute_force-0"
197565,"20260904-brute_force-0"
197566,"20260904-brute_force-0"
197568,"20260904-brute_force-0"
197569,"20260904-brute_force-0"
197570,"20260904-brute_force-0"
197572,"20260904-brute_force-0"
197574,"20260904-brute_force-0"
197576,"20260904-brute_force-0"
197577,"20260904-brute_force-0"
197578,"20260904-brute_force-0"
197579,"20260904-brute_force-0"
197581,"20260904-brute_force-0"
197582,"20260904-brute_force-0"
197583,"20260904-brute_force-0"
197584,"20260904-brute_force-0"
197587,"20260904-brute_force-0"
197591,"20260904-brute_force-0"
197593,"20260904-brute_force-0"
197594,"20260904-brute_force-0"
197595,"20260904-brute_force-0"
197596,"20260904-brute_force-0"
197601,"20260904-brute_force-0"
197604,"20260904-brute_force-0"
197606,"20260904-brute_force-0"
197607,"20260904-brute_force-0"
197608,"20260904-brute_force-0"
197616,"20260904-brute_force-0"
197617,"20260904-brute_force-0"
197618,"20260904-brute_force-0"
197619,"20260904-brute_force-0"
197622,"20260904-brute_force-0"
197624,"20260904-brute_force-0"
197626,"20260904-brute_force-0"
197627,"20260904-brute_force-0"
197628,"20260904-brute_force-0"
197634,"20260904-brute_force-0"
197640,"20260904-brute_force-0"
197642,"20260904-brute_force-0"
197647,"20260904-brute_force-0"
197648,"20260904-brute_force-0"
197649,"20260904-brute_force-0"
197651,"20260904-brute_force-0"
197652,"20260904-brute_force-0"
197655,"20260904-brute_force-0"
197656,"20260904-brute_force-0"
197659,"20260904-brute_force-0"
197663,"20260904-brute_force-0"
197664,"20260904-brute_force-0"
197668,"20260904-brute_force-0"
197671,"20260904-brute_force-0"
197672,"20260904-brute_force-0"
197674,"20260904-brute_force-0"
197675,"20260904-brute_force-0"
197677,"20260904-brute_force-0"
197678,"20260904-brute_force-0"
197679,"20260904-brute_force-0"
197684,"20260904-brute_force-0"
197685,"20260904-brute_force-0"
197687,"20260904-brute_force-0"
197689,"20260904-brute_force-0"
197690,"20260904-brute_force-0"
197691,"20260904-brute_force-0"
197693,"20260904-brute_force-0"
197694,"20260904-brute_force-0"
197695,"20260904-brute_force-0"
197696,"20260904-brute_force-0"
197700,"20260904-brute_force-0"
197702,"20260904-brute_force-0"
197703,"20260904-brute_force-0"
197714,"20260904-brute_force-0"
197715,"20260904-brute_force-0"
197717,"20260904-brute_force-0"
197718,"20260904-brute_force-0"
197719,"20260904-brute_force-0"
197720,"20260904-brute_force-0"
197724,"20260904-brute_force-0"
197725,"20260904-brute_force-0"
197727,"20260904-brute_force-0"
197728,"20260904-brute_force-0"
197730,"20260904-brute_force-0"
197734,"20260904-brute_force-0"
197736,"20260904-brute_force-0"
197737,"20260904-brute_force-0"
197739,"20260904-brute_force-0"
197741,"20260904-brute_force-0"
197743,"20260904-brute_force-0"
197746,"20260904-brute_force-0"
197747,"20260904-brute_force-0"
197748,"20260904-brute_force-0"
197750,"20260904-brute_force-0"
197751,"20260904-brute_force-0"
197754,"20260904-brute_force-0"
197755,"20260904-brute_force-0"
197760,"20260904-brute_force-0"
197761,"20260904-brute_force-0"
197763,"20260904-brute_force-0"
197764,"20260904-brute_force-0"
197765,"20260904-brute_force-0"
197766,"20260904-brute_force-0"
197768,"20260904-brute_force-0"
197771,"20260904-brute_force-0"
197775,"20260904-brute_force-0"
197776,"20260904-brute_force-0"
197778,"20260904-brute_force-0"
197779,"20260904-brute_force-0"
197782,"20260904-brute_force-0"
197783,"20260904-brute_force-0"
197784,"20260904-brute_force-0"
197785,"20260904-brute_force-0"
197787,"20260904-brute_force-0"
197788,"20260904-brute_force-0"
197794,"20260904-brute_force-0"
197795,"20260904-brute_force-0"
197797,"20260904-brute_force-0"
197803,"20260904-brute_force-0"
197804,"20260904-brute_force-0"
197805,"20260904-brute_force-0"
197806,"20260904-brute_force-0"
197807,"20260904-brute_force-0"
197808,"20260904-brute_force-0"
197809,"20260904-brute_force-0"
197810,"20260904-brute_force-0"
197811,"20260904-brute_force-0"
197813,"20260904-brute_force-0"
197817,"20260904-brute_force-0"
197818,"20260904-brute_force-0"
197822,"20260904-brute_force-0"
197823,"20260904-brute_force-0"
197826,"20260904-brute_force-0"
197829,"20260904-brute_force-0"
197830,"20260904-brute_force-0"
197831,"20260904-brute_force-0"
197832,"20260904-brute_force-0"
197833,"20260904-brute_force-0"
197834,"20260904-brute_force-0"
197836,"20260904-brute_force-0"
197838,"20260904-brute_force-0"
200872,"20260904-horizontal_scan-0"
200873,"20260904-horizontal_scan-0"
200883,"20260904-horizontal_scan-0"
200884,"20260904-horizontal_scan-0"
200887,"20260904-horizontal_scan-0"
200891,"20260904-horizontal_scan-0"
200893,"20260904-horizontal_scan-0"
200896,"20260904-horizontal_scan-0"
200915,"20260904-horizontal_scan-0"
200918,"20260904-horizontal_scan-0"
200933,"20260904-horizontal_scan-0"
200934,"20260904-horizontal_scan-0"
200938,"20260904-horizontal_scan-0"
200940,"20260904-horizontal_scan-0"
200942,"20260904-horizontal_scan-0"
200944,"20260904-horizontal_scan-0"
200950,"20260904-horizontal_scan-0"
200961,"20260904-horizontal_scan-0"
200964,"20260904-horizontal_scan-0"
200965,"20260904-horizontal_scan-0"
200966,"20260904-horizontal_scan-0"
200970,"20260904-horizontal_scan-0"
200973,"20260904-horizontal_scan-0"
200982,"20260904-horizontal_scan-0"
200984,"20260904-horizontal_scan-0"
200990,"20260904-horizontal_scan-0"
200994,"20260904-horizontal_scan-0"
200999,"20260904-horizontal_scan-0"
201004,"20260904-horizontal_scan-0"
201005,"20260904-horizontal_scan-0"
201006,"20260904-horizontal_scan-0"
201008,"20260904-horizontal_scan-0"
201010,"20260904-horizontal_scan-0"
201011,"20260904-horizontal_scan-0"
201013,"20260904-horizontal_scan-0"
201015,"20260904-horizontal_scan-0"
201018,"20260904-horizontal_scan-0"
201019,"20260904-horizontal_scan-0"
201020,"20260904-horizontal_scan-0"
201021,"20260904-horizontal_scan-0"
201024,"20260904-horizontal_scan-0"
201031,"20260904-horizontal_scan-0"
201035,"20260904-horizontal_scan-0"
201040,"20260904-horizontal_scan-0"
201046,"20260904-horizontal_scan-0"
201047,"20260904-horizontal_scan-0"
201048,"20260904-horizontal_scan-0"
201049,"20260904-horizontal_scan-0"
201050,"20260904-horizontal_scan-0"
201053,"20260904-horizontal_scan-0"
201059,"20260904-horizontal_scan-0"
201062,"20260904-horizontal_scan-0"
201063,"20260904-horizontal_scan-0"
201067,"20260904-horizontal_scan-0"
201069,"20260904-horizontal_scan-0"
201072,"20260904-horizontal_scan-0"
201074,"20260904-horizontal_scan-0"
201077,"20260904-horizontal_scan-0"
201080,"20260904-horizontal_scan-0"
201082,"20260904-horizontal_scan-0"
201084,"20260904-horizontal_scan-0"
201086,"20260904-horizontal_scan-0"
201090,"20260904-horizontal_scan-0"
201093,"20260904-horizontal_scan-0"
201095,"20260904-horizontal_scan-0"
201098,"20260904-horizontal_scan-0"
201107,"20260904-horizontal_scan-0"
201109,"20260904-horizontal_scan-0"
201110,"20260904-horizontal_scan-0"
201114,"20260904-horizontal_scan-0"
201116,"20260904-horizontal_scan-0"
201120,"20260904-horizontal_scan-0"
201121,"20260904-horizontal_scan-0"
201122,"20260904-horizontal_scan-0"
201134,"20260904-horizontal_scan-0"
201137,"20260904-horizontal_scan-0"
201141,"20260904-horizontal_scan-0"
201146,"20260904-horizontal_scan-0"
201156,"20260904-horizontal_scan-0"
201157,"20260904-horizontal_scan-0"
201158,"20260904-horizontal_scan-0"
201160,"20260904-horizontal_scan-0"
201163,"20260904-horizontal_scan-0"
201164,"20260904-horizontal_scan-0"
201167,"20260904-horizontal_scan-0"
201168,"20260904-horizontal_scan-0"
201170,"20260904-horizontal_scan-0"
201173,"20260904-horizontal_scan-0"
201174,"20260904-horizontal_scan-0"
201177,"20260904-horizontal_scan-0"
201180,"20260904-horizontal_scan-0"
201181,"20260904-horizontal_scan-0"
201182,"20260904-horizontal_scan-0"
201183,"20260904-horizontal_scan-0"
201187,"20260904-horizontal_scan-0"
201189,"20260904-horizontal_scan-0"
201190,"20260904-horizontal_scan-0"
201193,"20260904-horizontal_scan-0"
201204,"20260904-horizontal_scan-0"
201215,"20260904-horizontal_scan-0"
201216,"20260904-horizontal_scan-0"
201219,"20260904-horizontal_scan-0"
201227,"20260904-horizontal_scan-0"
201230,"20260904-horizontal_scan-0"
201234,"20260904-horizontal_scan-0"
201236,"20260904-horizontal_scan-0"
201239,"20260904-horizontal_scan-0"
201241,"20260904-horizontal_scan-0"
201248,"20260904-horizontal_scan-0"
201250,"20260904-horizontal_scan-0"
201252,"20260904-horizontal_scan-0"
201253,"20260904-horizontal_scan-0"
201258,"20260904-horizontal_scan-0"
201259,"20260904-horizontal_scan-0"
201261,"20260904-horizontal_scan-0"
201263,"20260904-horizontal_scan-0"
201266,"20260904-horizontal_scan-0"
201268,"20260904-horizontal_scan-0"
201272,"20260904-horizontal_scan-0"
201274,"20260904-horizontal_scan-0"
212215,"20260904-exfil_burst-0"
212387,"20260904-exfil_burst-0"
212533,"20260904-exfil_burst-0"
212682,"20260904-exfil_burst-0"
212711,"20260904-exfil_burst-0"
212714,"20260904-exfil_burst-0"
213335,"20260904-exfil_burst-0"
213685,"20260904-exfil_burst-0"
213898,"20260904-exfil_burst-0"
213993,"20260904-exfil_burst-0"
213997,"20260904-exfil_burst-0"
214064,"20260904-exfil_burst-0"
214251,"20260904-exfil_burst-0"
214321,"20260904-exfil_burst-0"
214368,"20260904-exfil_burst-0"
214462,"20260904-exfil_burst-0"
214573,"20260904-exfil_burst-0"
214637,"20260904-exfil_burst-0"
214643,"20260904-exfil_burst-0"
214789,"20260904-exfil_burst-0"
217793,"20260904-beaconing-0"
217919,"20260904-beaconing-0"
218030,"20260904-beaconing-0"
218133,"20260904-beaconing-0"
218247,"20260904-beaconing-0"
218354,"20260904-beaconing-0"
218461,"20260904-beaconing-0"
218599,"20260904-beaconing-0"
218694,"20260904-beaconing-0"
218822,"20260904-beaconing-0"
218931,"20260904-beaconing-0"
219045,"20260904-beaconing-0"
219161,"20260904-beaconing-0"
219246,"20260904-beaconing-0"
219365,"20260904-beaconing-0"
219502,"20260904-beaconing-0"
219604,"20260904-beaconing-0"
219711,"20260904-beaconing-0"
219803,"20260904-beaconing-0"
219915,"20260904-beaconing-0"
220026,"20260904-beaconing-0"
220145,"20260904-beaconing-0"
220256,"20260904-beaconing-0"
220365,"20260904-beaconing-0"
220470,"20260904-beaconing-0"
220584,"20260904-beaconing-0"
220691,"20260904-beaconing-0"
220804,"20260904-beaconing-0"
220911,"20260904-beaconing-0"
221028,"20260904-beaconing-0"
221153,"20260904-beaconing-0"
221298,"20260904-beaconing-0"
221423,"20260904-beaconing-0"
221535,"20260904-beaconing-0"
221642,"20260904-beaconing-0"
221766,"20260904-beaconing-0"
221877,"20260904-beaconing-0"
221970,"20260904-beaconing-0"
222088,"20260904-beaconing-0"
222205,"20260904-beaconing-0"
222332,"20260904-beaconing-0"
222433,"20260904-beaconing-0"
222550,"20260904-beaconing-0"
222640,"20260904-beaconing-0"
222747,"20260904-beaconing-0"
222861,"20260904-beaconing-0"
222985,"20260904-beaconing-0"
223099,"20260904-beaconing-0"
223224,"20260904-beaconing-0"
223335,"20260904-beaconing-0"
223448,"20260904-beaconing-0"
223560,"20260904-beaconing-0"
223678,"20260904-beaconing-0"
223775,"20260904-beaconing-0"
223883,"20260904-beaconing-0"
223988,"20260904-beaconing-0"
224094,"20260904-beaconing-0"
224195,"20260904-beaconing-0"
224300,"20260904-beaconing-0"
224411,"20260904-beaconing-0"
224523,"20260904-beaconing-0"
224654,"20260904-beaconing-0"
224790,"20260904-beaconing-0"
224899,"20260904-beaconing-0"
225005,"20260904-beaconing-0"
225105,"20260904-beaconing-0"
225235,"20260904-beaconing-0"
225351,"20260904-beaconing-0"
225475,"20260904-beaconing-0"
225602,"20260904-beaconing-0"
225721,"20260904-beaconing-0"
225857,"20260904-beaconing-0"
225977,"20260904-beaconing-0"
226103,"20260904-beaconing-0"
226231,"20260904-beaconing-0"
226361,"20260904-beaconing-0"
226476,"20260904-beaconing-0"
226589,"20260904-beaconing-0"
226697,"20260904-beaconing-0"
226819,"20260904-beaconing-0"
226944,"20260904-beaconing-0"
227067,"20260904-beaconing-0"
227190,"20260904-beaconing-0"
227324,"20260904-beaconing-0"
227428,"20260904-beaconing-0"
227559,"20260904-beaconing-0"
227688,"20260904-beaconing-0"
227825,"20260904-beaconing-0"
227941,"20260904-beaconing-0"
228066,"20260904-beaconing-0"
228188,"20260904-beaconing-0"
228288,"20260904-beaconing-0"
228417,"20260904-beaconing-0"
228561,"20260904-beaconing-0"
228662,"20260904-beaconing-0"
228769,"20260904-beaconing-0"
228890,"20260904-beaconing-0"
228999,"20260904-beaconing-0"
229102,"20260904-beaconing-0"
229219,"20260904-beaconing-0"
229348,"20260904-beaconing-0"
229465,"20260904-beaconing-0"
229607,"20260904-beaconing-0"
229724,"20260904-beaconing-0"
229849,"20260904-beaconing-0"
229984,"20260904-beaconing-0"
230119,"20260904-beaconing-0"
230231,"20260904-beaconing-0"
230368,"20260904-beaconing-0"
230474,"20260904-beaconing-0"
230587,"20260904-beaconing-0"
230724,"20260904-beaconing-0"
230851,"20260904-beaconing-0"
230967,"20260904-beaconing-0"
231092,"20260904-beaconing-0"
231199,"20260904-beaconing-0"
231311,"20260904-beaconing-0"
231427,"20260904-beaconing-0"
231547,"20260904-beaconing-0"
231674,"20260904-beaconing-0"
231727,"20260904-vertical_scan-0"
231728,"20260904-vertical_scan-0"
231743,"20260904-vertical_scan-0"
231744,"20260904-vertical_scan-0"
231756,"20260904-vertical_scan-0"
231757,"20260904-vertical_scan-0"
231768,"20260904-vertical_scan-0"
231770,"20260904-vertical_scan-0"
231776,"20260904-vertical_scan-0"
231782,"20260904-vertical_scan-0"
231788,"20260904-vertical_scan-0"
231796,"20260904-vertical_scan-0"
231797,"20260904-vertical_scan-0"
231801,"20260904-vertical_scan-0"
231802,"20260904-vertical_scan-0"
231804,"20260904-vertical_scan-0"
231808,"20260904-beaconing-0"
231822,"20260904-vertical_scan-0"
231829,"20260904-vertical_scan-0"
231832,"20260904-vertical_scan-0"
231837,"20260904-vertical_scan-0"
231844,"20260904-vertical_scan-0"
231847,"20260904-vertical_scan-0"
231850,"20260904-vertical_scan-0"
231852,"20260904-vertical_scan-0"
231856,"20260904-vertical_scan-0"
231861,"20260904-vertical_scan-0"
231867,"20260904-vertical_scan-0"
231868,"20260904-vertical_scan-0"
231869,"20260904-vertical_scan-0"
231870,"20260904-vertical_scan-0"
231877,"20260904-vertical_scan-0"
231891,"20260904-vertical_scan-0"
231894,"20260904-vertical_scan-0"
231895,"20260904-vertical_scan-0"
231896,"20260904-vertical_scan-0"
231897,"20260904-vertical_scan-0"
231902,"20260904-vertical_scan-0"
231917,"20260904-vertical_scan-0"
231923,"20260904-vertical_scan-0"
231924,"20260904-vertical_scan-0"
231926,"20260904-vertical_scan-0"
231927,"20260904-vertical_scan-0"
231934,"20260904-vertical_scan-0"
231936,"20260904-vertical_scan-0"
231940,"20260904-vertical_scan-0"
231947,"20260904-vertical_scan-0"
231961,"20260904-vertical_scan-0"
231963,"20260904-vertical_scan-0"
231964,"20260904-vertical_scan-0"
231966,"20260904-beaconing-0"
231970,"20260904-vertical_scan-0"
231978,"20260904-vertical_scan-0"
231982,"20260904-vertical_scan-0"
231983,"20260904-vertical_scan-0"
231985,"20260904-vertical_scan-0"
231998,"20260904-vertical_scan-0"
232000,"20260904-vertical_scan-0"
232001,"20260904-vertical_scan-0"
232017,"20260904-vertical_scan-0"
232019,"20260904-vertical_scan-0"
232022,"20260904-vertical_scan-0"
232023,"20260904-vertical_scan-0"
232027,"20260904-vertical_scan-0"
232031,"20260904-vertical_scan-0"
232032,"20260904-vertical_scan-0"
232043,"20260904-vertical_scan-0"
232044,"20260904-vertical_scan-0"
232054,"20260904-vertical_scan-0"
232055,"20260904-vertical_scan-0"
232059,"20260904-vertical_scan-0"
232060,"20260904-vertical_scan-0"
232064,"20260904-vertical_scan-0"
232065,"20260904-vertical_scan-0"
232066,"20260904-vertical_scan-0"
232067,"20260904-vertical_scan-0"
232068,"20260904-vertical_scan-0"
232071,"20260904-vertical_scan-0"
232073,"20260904-vertical_scan-0"
232077,"20260904-vertical_scan-0"
232083,"20260904-vertical_scan-0"
232090,"20260904-beaconing-0"
232091,"20260904-vertical_scan-0"
232095,"20260904-vertical_scan-0"
232097,"20260904-vertical_scan-0"
232098,"20260904-vertical_scan-0"
232101,"20260904-vertical_scan-0"
232104,"20260904-vertical_scan-0"
232107,"20260904-vertical_scan-0"
232112,"20260904-vertical_scan-0"
232143,"20260904-vertical_scan-0"
232146,"20260904-vertical_scan-0"
232150,"20260904-vertical_scan-0"
232152,"20260904-vertical_scan-0"
232154,"20260904-vertical_scan-0"
232162,"20260904-vertical_scan-0"
232165,"20260904-vertical_scan-0"
232172,"20260904-vertical_scan-0"
232173,"20260904-vertical_scan-0"
232175,"20260904-vertical_scan-0"
232180,"20260904-vertical_scan-0"
232183,"20260904-vertical_scan-0"
232192,"20260904-vertical_scan-0"
232195,"20260904-vertical_scan-0"
232199,"20260904-vertical_scan-0"
232200,"20260904-vertical_scan-0"
232201,"20260904-vertical_scan-0"
232203,"20260904-vertical_scan-0"
232212,"20260904-vertical_scan-0"
232213,"20260904-vertical_scan-0"
232215,"20260904-vertical_scan-0"
232217,"20260904-vertical_scan-0"
232220,"20260904-beaconing-0"
232221,"20260904-vertical_scan-0"
232224,"20260904-vertical_scan-0"
232230,"20260904-vertical_scan-0"
232241,"20260904-vertical_scan-0"
232244,"20260904-vertical_scan-0"
232248,"20260904-vertical_scan-0"
232249,"20260904-vertical_scan-0"
232255,"20260904-vertical_scan-0"
232266,"20260904-vertical_scan-0"
232268,"20260904-vertical_scan-0"
232277,"20260904-vertical_scan-0"
232280,"20260904-vertical_scan-0"
232282,"20260904-vertical_scan-0"
232290,"20260904-vertical_scan-0"
232293,"20260904-vertical_scan-0"
232298,"20260904-vertical_scan-0"
232308,"20260904-vertical_scan-0"
232315,"20260904-vertical_scan-0"
232316,"20260904-vertical_scan-0"
232320,"20260904-vertical_scan-0"
232322,"20260904-vertical_scan-0"
232337,"20260904-vertical_scan-0"
232338,"20260904-vertical_scan-0"
232339,"20260904-vertical_scan-0"
232342,"20260904-vertical_scan-0"
232345,"20260904-vertical_scan-0"
232351,"20260904-vertical_scan-0"
232352,"20260904-vertical_scan-0"
232362,"20260904-beaconing-0"
232369,"20260904-vertical_scan-0"
232371,"20260904-vertical_scan-0"
232379,"20260904-vertical_scan-0"
232384,"20260904-vertical_scan-0"
232388,"20260904-vertical_scan-0"
232393,"20260904-vertical_scan-0"
232403,"20260904-vertical_scan-0"
232404,"20260904-vertical_scan-0"
232415,"20260904-vertical_scan-0"
232423,"20260904-vertical_scan-0"
232427,"20260904-vertical_scan-0"
232429,"20260904-vertical_scan-0"
232434,"20260904-vertical_scan-0"
232437,"20260904-vertical_scan-0"
232445,"20260904-vertical_scan-0"
232453,"20260904-vertical_scan-0"
232458,"20260904-vertical_scan-0"
232460,"20260904-vertical_scan-0"
232465,"20260904-vertical_scan-0"
232469,"20260904-vertical_scan-0"
232475,"20260904-vertical_scan-0"
232491,"20260904-vertical_scan-0"
232492,"20260904-vertical_scan-0"
232495,"20260904-vertical_scan-0"
232503,"20260904-vertical_scan-0"
232504,"20260904-beaconing-0"
232505,"20260904-vertical_scan-0"
232517,"20260904-vertical_scan-0"
232525,"20260904-vertical_scan-0"
232528,"20260904-vertical_scan-0"
232534,"20260904-vertical_scan-0"
232535,"20260904-vertical_scan-0"
232537,"20260904-vertical_scan-0"
232538,"20260904-vertical_scan-0"
232550,"20260904-vertical_scan-0"
232557,"20260904-vertical_scan-0"
232561,"20260904-vertical_scan-0"
232569,"20260904-vertical_scan-0"
232576,"20260904-vertical_scan-0"
232577,"20260904-vertical_scan-0"
232593,"20260904-vertical_scan-0"
232605,"20260904-vertical_scan-0"
232608,"20260904-vertical_scan-0"
232612,"20260904-vertical_scan-0"
232616,"20260904-vertical_scan-0"
232619,"20260904-vertical_scan-0"
232632,"20260904-vertical_scan-0"
232638,"20260904-vertical_scan-0"
232639,"20260904-vertical_scan-0"
232642,"20260904-vertical_scan-0"
232648,"20260904-beaconing-0"
232649,"20260904-vertical_scan-0"
232661,"20260904-vertical_scan-0"
232665,"20260904-vertical_scan-0"
232666,"20260904-vertical_scan-0"
232672,"20260904-vertical_scan-0"
232675,"20260904-vertical_scan-0"
232680,"20260904-vertical_scan-0"
232683,"20260904-vertical_scan-0"
232684,"20260904-vertical_scan-0"
232691,"20260904-vertical_scan-0"
232696,"20260904-vertical_scan-0"
232697,"20260904-vertical_scan-0"
232710,"20260904-vertical_scan-0"
232713,"20260904-vertical_scan-0"
232714,"20260904-vertical_scan-0"
232716,"20260904-vertical_scan-0"
232721,"20260904-vertical_scan-0"
232729,"20260904-vertical_scan-0"
232732,"20260904-vertical_scan-0"
232734,"20260904-vertical_scan-0"
232737,"20260904-vertical_scan-0"
232738,"20260904-vertical_scan-0"
232742,"20260904-vertical_scan-0"
232743,"20260904-vertical_scan-0"
232745,"20260904-vertical_scan-0"
232747,"20260904-vertical_scan-0"
232749,"20260904-vertical_scan-0"
232750,"20260904-vertical_scan-0"
232756,"20260904-vertical_scan-0"
232757,"20260904-vertical_scan-0"
232761,"20260904-vertical_scan-0"
232763,"20260904-vertical_scan-0"
232764,"20260904-vertical_scan-0"
232769,"20260904-vertical_scan-0"
232776,"20260904-vertical_scan-0"
232779,"20260904-beaconing-0"
232782,"20260904-vertical_scan-0"
232783,"20260904-vertical_scan-0"
232786,"20260904-vertical_scan-0"
232792,"20260904-vertical_scan-0"
232801,"20260904-vertical_scan-0"
232807,"20260904-vertical_scan-0"
232814,"20260904-vertical_scan-0"
232818,"20260904-vertical_scan-0"
232819,"20260904-vertical_scan-0"
232820,"20260904-vertical_scan-0"
232827,"20260904-vertical_scan-0"
232831,"20260904-vertical_scan-0"
232857,"20260904-vertical_scan-0"
232859,"20260904-vertical_scan-0"
232860,"20260904-vertical_scan-0"
232861,"20260904-vertical_scan-0"
232865,"20260904-vertical_scan-0"
232875,"20260904-vertical_scan-0"
232885,"20260904-vertical_scan-0"
232889,"20260904-vertical_scan-0"
232891,"20260904-vertical_scan-0"
232896,"20260904-vertical_scan-0"
232897,"20260904-vertical_scan-0"
232902,"20260904-beaconing-0"
232907,"20260904-vertical_scan-0"
232909,"20260904-vertical_scan-0"
232910,"20260904-vertical_scan-0"
232912,"20260904-vertical_scan-0"
232914,"20260904-vertical_scan-0"
232918,"20260904-vertical_scan-0"
232922,"20260904-vertical_scan-0"
232926,"20260904-vertical_scan-0"
232930,"20260904-vertical_scan-0"
232932,"20260904-vertical_scan-0"
232944,"20260904-vertical_scan-0"
232947,"20260904-vertical_scan-0"
232949,"20260904-vertical_scan-0"
232952,"20260904-vertical_scan-0"
232953,"20260904-vertical_scan-0"
232958,"20260904-vertical_scan-0"
232964,"20260904-vertical_scan-0"
232965,"20260904-vertical_scan-0"
232967,"20260904-vertical_scan-0"
232968,"20260904-vertical_scan-0"
232970,"20260904-vertical_scan-0"
232973,"20260904-vertical_scan-0"
232976,"20260904-vertical_scan-0"
232977,"20260904-vertical_scan-0"
232984,"20260904-vertical_scan-0"
232985,"20260904-vertical_scan-0"
232986,"20260904-vertical_scan-0"
232989,"20260904-vertical_scan-0"
232995,"20260904-vertical_scan-0"
232997,"20260904-vertical_scan-0"
233004,"20260904-vertical_scan-0"
233013,"20260904-vertical_scan-0"
233016,"20260904-vertical_scan-0"
233028,"20260904-vertical_scan-0"
233029,"20260904-vertical_scan-0"
233041,"20260904-vertical_scan-0"
233042,"20260904-vertical_scan-0"
233043,"20260904-vertical_scan-0"
233044,"20260904-vertical_scan-0"
233046,"20260904-beaconing-0"
233055,"20260904-vertical_scan-0"
233068,"20260904-vertical_scan-0"
233070,"20260904-vertical_scan-0"
233072,"20260904-vertical_scan-0"
233076,"20260904-vertical_scan-0"
233088,"20260904-vertical_scan-0"
233089,"20260904-vertical_scan-0"
233091,"20260904-vertical_scan-0"
233102,"20260904-vertical_scan-0"
233103,"20260904-vertical_scan-0"
233104,"20260904-vertical_scan-0"
233106,"20260904-vertical_scan-0"
233110,"20260904-vertical_scan-0"
233113,"20260904-vertical_scan-0"
233115,"20260904-vertical_scan-0"
233118,"20260904-vertical_scan-0"
233120,"20260904-vertical_scan-0"
233192,"20260904-beaconing-0"
233292,"20260904-beaconing-0"
233397,"20260904-beaconing-0"
233521,"20260904-beaconing-0"
233633,"20260904-beaconing-0"
233757,"20260904-beaconing-0"
233856,"20260904-beaconing-0"
233953,"20260904-beaconing-0"
234089,"20260904-beaconing-0"
234187,"20260904-beaconing-0"
234302,"20260904-beaconing-0"
234416,"20260904-beaconing-0"
234539,"20260904-beaconing-0"
234676,"20260904-beaconing-0"
234789,"20260904-beaconing-0"
234922,"20260904-beaconing-0"
235024,"20260904-beaconing-0"
235149,"20260904-beaconing-0"
235258,"20260904-beaconing-0"
235374,"20260904-beaconing-0"
235488,"20260904-beaconing-0"
235614,"20260904-beaconing-0"
235736,"20260904-beaconing-0"
235848,"20260904-beaconing-0"
235948,"20260904-beaconing-0"
236077,"20260904-beaconing-0"
236172,"20260904-beaconing-0"
236296,"20260904-beaconing-0"
236405,"20260904-beaconing-0"
236526,"20260904-beaconing-0"
236632,"20260904-beaconing-0"
236725,"20260904-beaconing-0"
236857,"20260904-beaconing-0"
236983,"20260904-beaconing-0"
237092,"20260904-beaconing-0"
237229,"20260904-beaconing-0"
237343,"20260904-beaconing-0"
237445,"20260904-beaconing-0"
237564,"20260904-beaconing-0"
237687,"20260904-beaconing-0"
237820,"20260904-beaconing-0"
237942,"20260904-beaconing-0"
238069,"20260904-beaconing-0"
238185,"20260904-beaconing-0"
238329,"20260904-beaconing-0"
238449,"20260904-beaconing-0"
238559,"20260904-beaconing-0"
238668,"20260904-beaconing-0"
238783,"20260904-beaconing-0"
238898,"20260904-beaconing-0"
238997,"20260904-beaconing-0"
239097,"20260904-beaconing-0"
239177,"20260904-beaconing-0"
239269,"20260904-beaconing-0"
239360,"20260904-beaconing-0"
239463,"20260904-beaconing-0"
239564,"20260904-beaconing-0"
239650,"20260904-beaconing-0"
239748,"20260904-beaconing-0"
239845,"20260904-beaconing-0"
239946,"20260904-beaconing-0"
240022,"20260904-beaconing-0"
240108,"20260904-beaconing-0"
240187,"20260904-beaconing-0"
240273,"20260904-beaconing-0"
240379,"20260904-beaconing-0"
240488,"20260904-beaconing-0"
240599,"20260904-beaconing-0"
240687,"20260904-beaconing-0"
240802,"20260904-beaconing-0"
240911,"20260904-beaconing-0"
240991,"20260904-beaconing-0"
241095,"20260904-beaconing-0"
241185,"20260904-beaconing-0"
241270,"20260904-beaconing-0"
241373,"20260904-beaconing-0"
241462,"20260904-beaconing-0"
241568,"20260904-beaconing-0"
241658,"20260904-beaconing-0"
241765,"20260904-beaconing-0"
241878,"20260904-beaconing-0"
241970,"20260904-beaconing-0"
242060,"20260904-beaconing-0"
242172,"20260904-beaconing-0"
242273,"20260904-beaconing-0"
242370,"20260904-beaconing-0"
242473,"20260904-beaconing-0"
242563,"20260904-beaconing-0"
242654,"20260904-beaconing-0"
242767,"20260904-beaconing-0"
242854,"20260904-beaconing-0"
242945,"20260904-beaconing-0"
243042,"20260904-beaconing-0"
243117,"20260904-beaconing-0"
243204,"20260904-beaconing-0"
243317,"20260904-beaconing-0"
243416,"20260904-beaconing-0"
243504,"20260904-beaconing-0"
243585,"20260904-beaconing-0"
243667,"20260904-beaconing-0"
243769,"20260904-beaconing-0"
243875,"20260904-beaconing-0"
243975,"20260904-beaconing-0"
244058,"20260904-beaconing-0"
244145,"20260904-beaconing-0"
244209,"20260904-beaconing-0"
244310,"20260904-beaconing-0"
244413,"20260904-beaconing-0"
244536,"20260904-beaconing-0"
244636,"20260904-beaconing-0"
244711,"20260904-beaconing-0"
244769,"20260904-beaconing-0"
244825,"20260904-beaconing-0"
244897,"20260904-beaconing-0"
244960,"20260904-beaconing-0"
245030,"20260904-beaconing-0"
245090,"20260904-beaconing-0"
245164,"20260904-beaconing-0"
245225,"20260904-beaconing-0"
245282,"20260904-beaconing-0"
245341,"20260904-beaconing-0"
245397,"20260904-beaconing-0"
245469,"20260904-beaconing-0"
245536,"20260904-beaconing-0"
245615,"20260904-beaconing-0"
245679,"20260904-beaconing-0"
245762,"20260904-beaconing-0"
245848,"20260904-beaconing-0"
245921,"20260904-beaconing-0"
245996,"20260904-beaconing-0"
246059,"20260904-beaconing-0"
246122,"20260904-beaconing-0"
246179,"20260904-beaconing-0"
246236,"20260904-beaconing-0"
246308,"20260904-beaconing-0"
246395,"20260904-beaconing-0"
246464,"20260904-beaconing-0"
246543,"20260904-beaconing-0"
246606,"20260904-beaconing-0"
246674,"20260904-beaconing-0"
246748,"20260904-beaconing-0"
246813,"20260904-beaconing-0"
246876,"20260904-beaconing-0"
246952,"20260904-beaconing-0"
247032,"20260904-beaconing-0"
247098,"20260904-beaconing-0"
247160,"20260904-beaconing-0"
247239,"20260904-beaconing-0"
247306,"20260904-beaconing-0"
247375,"20260904-beaconing-0"
247433,"20260904-beaconing-0"
247497,"20260904-beaconing-0"
247563,"20260904-beaconing-0"
247636,"20260904-beaconing-0"
247701,"20260904-beaconing-0"
247768,"20260904-beaconing-0"
247852,"20260904-beaconing-0"
247915,"20260904-beaconing-0"
247990,"20260904-beaconing-0"
248066,"20260904-beaconing-0"
248136,"20260904-beaconing-0"
248200,"20260904-beaconing-0"
248265,"20260904-beaconing-0"
248339,"20260904-beaconing-0"
248402,"20260904-beaconing-0"
248460,"20260904-beaconing-0"
248537,"20260904-beaconing-0"
248605,"20260904-beaconing-0"
248666,"20260904-beaconing-0"
248716,"20260904-beaconing-0"
248766,"20260904-beaconing-0"
248810,"20260904-beaconing-0"
248846,"20260904-beaconing-0"
248885,"20260904-beaconing-0"
248930,"20260904-beaconing-0"
248974,"20260904-beaconing-0"
249033,"20260904-beaconing-0"
249079,"20260904-beaconing-0"
249128,"20260904-beaconing-0"
249176,"20260904-beaconing-0"
249215,"20260904-beaconing-0"
249254,"20260904-beaconing-0"
249313,"20260904-beaconing-0"
249358,"20260904-beaconing-0"
249402,"20260904-beaconing-0"
249450,"20260904-beaconing-0"
249494,"20260904-beaconing-0"
249554,"20260904-beaconing-0"
249607,"20260904-beaconing-0"
249652,"20260904-beaconing-0"
249699,"20260904-beaconing-0"
249735,"20260904-beaconing-0"
249784,"20260904-beaconing-0"
249825,"20260904-beaconing-0"
249869,"20260904-beaconing-0"
249920,"20260904-beaconing-0"
249968,"20260904-beaconing-0"
250011,"20260904-beaconing-0"
250052,"20260904-beaconing-0"
250106,"20260904-beaconing-0"
250147,"20260904-beaconing-0"
250194,"20260904-beaconing-0"
250246,"20260904-beaconing-0"
250289,"20260904-beaconing-0"
250338,"20260904-beaconing-0"
250372,"20260904-beaconing-0"
250407,"20260904-beaconing-0"
250454,"20260904-beaconing-0"
250490,"20260904-beaconing-0"
250537,"20260904-beaconing-0"
250581,"20260904-beaconing-0"
250622,"20260904-beaconing-0"
250673,"20260904-beaconing-0"
250709,"20260904-beaconing-0"
250769,"20260904-beaconing-0"
250813,"20260904-beaconing-0"
250852,"20260904-beaconing-0"
250895,"20260904-beaconing-0"
250941,"20260904-beaconing-0"
250994,"20260904-beaconing-0"
251054,"20260904-beaconing-0"
251099,"20260904-beaconing-0"
251152,"20260904-beaconing-0"
251200,"20260904-beaconing-0"
251243,"20260904-beaconing-0"
251299,"20260904-beaconing-0"
251352,"20260904-beaconing-0"
251399,"20260904-beaconing-0"
251456,"20260904-beaconing-0"
251491,"20260904-beaconing-0"
259171,"20260905-vertical_scan-0"
259172,"20260905-vertical_scan-0"
259174,"20260905-vertical_scan-0"
259176,"20260905-vertical_scan-0"
259177,"20260905-vertical_scan-0"
259178,"20260905-vertical_scan-0"
259179,"20260905-vertical_scan-0"
259182,"20260905-vertical_scan-0"
259183,"20260905-vertical_scan-0"
259185,"20260905-vertical_scan-0"
259189,"20260905-vertical_scan-0"
259190,"20260905-vertical_scan-0"
259192,"20260905-vertical_scan-0"
259194,"20260905-vertical_scan-0"
259195,"20260905-vertical_scan-0"
259196,"20260905-vertical_scan-0"
259203,"20260905-vertical_scan-0"
259204,"20260905-vertical_scan-0"
259206,"20260905-vertical_scan-0"
259209,"20260905-vertical_scan-0"
259212,"20260905-vertical_scan-0"
259215,"20260905-vertical_scan-0"
259216,"20260905-vertical_scan-0"
259218,"20260905-vertical_scan-0"
259220,"20260905-vertical_scan-0"
259221,"20260905-vertical_scan-0"
259222,"20260905-vertical_scan-0"
259224,"20260905-vertical_scan-0"
259227,"20260905-vertical_scan-0"
259228,"20260905-vertical_scan-0"
259229,"20260905-vertical_scan-0"
259231,"20260905-vertical_scan-0"
259232,"20260905-vertical_scan-0"
259234,"20260905-vertical_scan-0"
259235,"20260905-vertical_scan-0"
259237,"20260905-vertical_scan-0"
259238,"20260905-vertical_scan-0"
259240,"20260905-vertical_scan-0"
259241,"20260905-vertical_scan-0"
259242,"20260905-vertical_scan-0"
259243,"20260905-vertical_scan-0"
259246,"20260905-vertical_scan-0"
259247,"20260905-vertical_scan-0"
259248,"20260905-vertical_scan-0"
259249,"20260905-vertical_scan-0"
259252,"20260905-vertical_scan-0"
259253,"20260905-vertical_scan-0"
259258,"20260905-vertical_scan-0"
259259,"20260905-vertical_scan-0"
259261,"20260905-vertical_scan-0"
259263,"20260905-vertical_scan-0"
259264,"20260905-vertical_scan-0"
259266,"20260905-vertical_scan-0"
259267,"20260905-vertical_scan-0"
259268,"20260905-vertical_scan-0"
259269,"20260905-vertical_scan-0"
259272,"20260905-vertical_scan-0"
259275,"20260905-vertical_scan-0"
259276,"20260905-vertical_scan-0"
259277,"20260905-vertical_scan-0"
259279,"20260905-vertical_scan-0"
259281,"20260905-vertical_scan-0"
259282,"20260905-vertical_scan-0"
259283,"20260905-vertical_scan-0"
259284,"20260905-vertical_scan-0"
259285,"20260905-vertical_scan-0"
259287,"20260905-vertical_scan-0"
259289,"20260905-vertical_scan-0"
259291,"20260905-vertical_scan-0"
259293,"20260905-vertical_scan-0"
259300,"20260905-vertical_scan-0"
259302,"20260905-vertical_scan-0"
259304,"20260905-vertical_scan-0"
259306,"20260905-vertical_scan-0"
259307,"20260905-vertical_scan-0"
259312,"20260905-vertical_scan-0"
259313,"20260905-vertical_scan-0"
259315,"20260905-vertical_scan-0"
259316,"20260905-vertical_scan-0"
259318,"20260905-vertical_scan-0"
259319,"20260905-vertical_scan-0"
259322,"20260905-vertical_scan-0"
259323,"20260905-vertical_scan-0"
259324,"20260905-vertical_scan-0"
259327,"20260905-vertical_scan-0"
259328,"20260905-vertical_scan-0"
259329,"20260905-vertical_scan-0"
259336,"20260905-vertical_scan-0"
259338,"20260905-vertical_scan-0"
259340,"20260905-vertical_scan-0"
259341,"20260905-vertical_scan-0"
259343,"20260905-vertical_scan-0"
259344,"20260905-vertical_scan-0"
259346,"20260905-vertical_scan-0"
259347,"20260905-vertical_scan-0"
259349,"20260905-vertical_scan-0"
259350,"20260905-vertical_scan-0"
259351,"20260905-vertical_scan-0"
259352,"20260905-vertical_scan-0"
259354,"20260905-vertical_scan-0"
259355,"20260905-vertical_scan-0"
259356,"20260905-vertical_scan-0"
259357,"20260905-vertical_scan-0"
259361,"20260905-vertical_scan-0"
259362,"20260905-vertical_scan-0"
259364,"20260905-vertical_scan-0"
259365,"20260905-vertical_scan-0"
259366,"20260905-vertical_scan-0"
259367,"20260905-vertical_scan-0"
259369,"20260905-vertical_scan-0"
259371,"20260905-vertical_scan-0"
259372,"20260905-vertical_scan-0"
259373,"20260905-vertical_scan-0"
259374,"20260905-vertical_scan-0"
259375,"20260905-vertical_scan-0"
259376,"20260905-vertical_scan-0"
259377,"20260905-vertical_scan-0"
259379,"20260905-vertical_scan-0"
259382,"20260905-vertical_scan-0"
259384,"20260905-vertical_scan-0"
259385,"20260905-vertical_scan-0"
259388,"20260905-vertical_scan-0"
259389,"20260905-vertical_scan-0"
259390,"20260905-vertical_scan-0"
259392,"20260905-vertical_scan-0"
259395,"20260905-vertical_scan-0"
259396,"20260905-vertical_scan-0"
259397,"20260905-vertical_scan-0"
259398,"20260905-vertical_scan-0"
259399,"20260905-vertical_scan-0"
259400,"20260905-vertical_scan-0"
259401,"20260905-vertical_scan-0"
259402,"20260905-vertical_scan-0"
259403,"20260905-vertical_scan-0"
259404,"20260905-vertical_scan-0"
259405,"20260905-vertical_scan-0"
259408,"20260905-vertical_scan-0"
259409,"20260905-vertical_scan-0"
259411,"20260905-vertical_scan-0"
259412,"20260905-vertical_scan-0"
259413,"20260905-vertical_scan-0"
259414,"20260905-vertical_scan-0"
259419,"20260905-vertical_scan-0"
259420,"20260905-vertical_scan-0"
259422,"20260905-vertical_scan-0"
259423,"20260905-vertical_scan-0"
259424,"20260905-vertical_scan-0"
259425,"20260905-vertical_scan-0"
259426,"20260905-vertical_scan-0"
259430,"20260905-vertical_scan-0"
259431,"20260905-vertical_scan-0"
259432,"20260905-vertical_scan-0"
259433,"20260905-vertical_scan-0"
259435,"20260905-vertical_scan-0"
259438,"20260905-vertical_scan-0"
259439,"20260905-vertical_scan-0"
259440,"20260905-vertical_scan-0"
259441,"20260905-vertical_scan-0"
259443,"20260905-vertical_scan-0"
259444,"20260905-vertical_scan-0"
259445,"20260905-vertical_scan-0"
259447,"20260905-vertical_scan-0"
259448,"20260905-vertical_scan-0"
259450,"20260905-vertical_scan-0"
259451,"20260905-vertical_scan-0"
259452,"20260905-vertical_scan-0"
259454,"20260905-vertical_scan-0"
259457,"20260905-vertical_scan-0"
259460,"20260905-vertical_scan-0"
259461,"20260905-vertical_scan-0"
259462,"20260905-vertical_scan-0"
259463,"20260905-vertical_scan-0"
259465,"20260905-vertical_scan-0"
259466,"20260905-vertical_scan-0"
259469,"20260905-vertical_scan-0"
259472,"20260905-vertical_scan-0"
259473,"20260905-vertical_scan-0"
259475,"20260905-vertical_scan-0"
259476,"20260905-vertical_scan-0"
259478,"20260905-vertical_scan-0"
259482,"20260905-vertical_scan-0"
259484,"20260905-vertical_scan-0"
259488,"20260905-vertical_scan-0"
259489,"20260905-vertical_scan-0"
259490,"20260905-vertical_scan-0"
259491,"20260905-vertical_scan-0"
259492,"20260905-vertical_scan-0"
259493,"20260905-vertical_scan-0"
259495,"20260905-vertical_scan-0"
259496,"20260905-vertical_scan-0"
259497,"20260905-vertical_scan-0"
259499,"20260905-vertical_scan-0"
259502,"20260905-vertical_scan-0"
259504,"20260905-vertical_scan-0"
259505,"20260905-vertical_scan-0"
259506,"20260905-vertical_scan-0"
259508,"20260905-vertical_scan-0"
259510,"20260905-vertical_scan-0"
259511,"20260905-vertical_scan-0"
259512,"20260905-vertical_scan-0"
259513,"20260905-vertical_scan-0"
259514,"20260905-vertical_scan-0"
259516,"20260905-vertical_scan-0"
259517,"20260905-vertical_scan-0"
259520,"20260905-vertical_scan-0"
259521,"20260905-vertical_scan-0"
259522,"20260905-vertical_scan-0"
259524,"20260905-vertical_scan-0"
259525,"20260905-vertical_scan-0"
259526,"20260905-vertical_scan-0"
259527,"20260905-vertical_scan-0"
259529,"20260905-vertical_scan-0"
259530,"20260905-vertical_scan-0"
259532,"20260905-vertical_scan-0"
259533,"20260905-vertical_scan-0"
259535,"20260905-vertical_scan-0"
259536,"20260905-vertical_scan-0"
259537,"20260905-vertical_scan-0"
259538,"20260905-vertical_scan-0"
259539,"20260905-vertical_scan-0"
259540,"20260905-vertical_scan-0"
259541,"20260905-vertical_scan-0"
259543,"20260905-vertical_scan-0"
259544,"20260905-vertical_scan-0"
259545,"20260905-vertical_scan-0"
259546,"20260905-vertical_scan-0"
259549,"20260905-vertical_scan-0"
259551,"20260905-vertical_scan-0"
259553,"20260905-vertical_scan-0"
259555,"20260905-vertical_scan-0"
259556,"20260905-vertical_scan-0"
259557,"20260905-vertical_scan-0"
259559,"20260905-vertical_scan-0"
259565,"20260905-vertical_scan-0"
259568,"20260905-vertical_scan-0"
259569,"20260905-vertical_scan-0"
259570,"20260905-vertical_scan-0"
259572,"20260905-vertical_scan-0"
259573,"20260905-vertical_scan-0"
259575,"20260905-vertical_scan-0"
259576,"20260905-vertical_scan-0"
259578,"20260905-vertical_scan-0"
259579,"20260905-vertical_scan-0"
259581,"20260905-vertical_scan-0"
259582,"20260905-vertical_scan-0"
259584,"20260905-vertical_scan-0"
259587,"20260905-vertical_scan-0"
259589,"20260905-vertical_scan-0"
259591,"20260905-vertical_scan-0"
259595,"20260905-vertical_scan-0"
259597,"20260905-vertical_scan-0"
259598,"20260905-vertical_scan-0"
259599,"20260905-vertical_scan-0"
259601,"20260905-vertical_scan-0"
259603,"20260905-vertical_scan-0"
259605,"20260905-vertical_scan-0"
259608,"20260905-vertical_scan-0"
259609,"20260905-vertical_scan-0"
259610,"20260905-vertical_scan-0"
259611,"20260905-vertical_scan-0"
259613,"20260905-vertical_scan-0"
259614,"20260905-vertical_scan-0"
259616,"20260905-vertical_scan-0"
259618,"20260905-vertical_scan-0"
259620,"20260905-vertical_scan-0"
259621,"20260905-vertical_scan-0"
259622,"20260905-vertical_scan-0"
259623,"20260905-vertical_scan-0"
259625,"20260905-vertical_scan-0"
259626,"20260905-vertical_scan-0"
259627,"20260905-vertical_scan-0"
259628,"20260905-vertical_scan-0"
259629,"20260905-vertical_scan-0"
259631,"20260905-vertical_scan-0"
259632,"20260905-vertical_scan-0"
259634,"20260905-vertical_scan-0"
259635,"20260905-vertical_scan-0"
259636,"20260905-vertical_scan-0"
259637,"20260905-vertical_scan-0"
259640,"20260905-vertical_scan-0"
259642,"20260905-vertical_scan-0"
259644,"20260905-vertical_scan-0"
259645,"20260905-vertical_scan-0"
259646,"20260905-vertical_scan-0"
259647,"20260905-vertical_scan-0"
259648,"20260905-vertical_scan-0"
259649,"20260905-vertical_scan-0"
259652,"20260905-vertical_scan-0"
259653,"20260905-vertical_scan-0"
259654,"20260905-vertical_scan-0"
259655,"20260905-vertical_scan-0"
259656,"20260905-vertical_scan-0"
259663,"20260905-vertical_scan-0"
259665,"20260905-vertical_scan-0"
259666,"20260905-vertical_scan-0"
259667,"20260905-vertical_scan-0"
259670,"20260905-vertical_scan-0"
259671,"20260905-vertical_scan-0"
259672,"20260905-vertical_scan-0"
259674,"20260905-vertical_scan-0"
261624,"20260905-horizontal_scan-0"
261625,"20260905-horizontal_scan-0"
261632,"20260905-horizontal_scan-0"
261634,"20260905-horizontal_scan-0"
261636,"20260905-horizontal_scan-0"
261637,"20260905-horizontal_scan-0"
261638,"20260905-horizontal_scan-0"
261643,"20260905-horizontal_scan-0"
261656,"20260905-horizontal_scan-0"
261657,"20260905-horizontal_scan-0"
261664,"20260905-horizontal_scan-0"
261667,"20260905-horizontal_scan-0"
261669,"20260905-horizontal_scan-0"
261675,"20260905-horizontal_scan-0"
261677,"20260905-horizontal_scan-0"
261679,"20260905-horizontal_scan-0"
261681,"20260905-horizontal_scan-0"
261683,"20260905-horizontal_scan-0"
261687,"20260905-horizontal_scan-0"
261690,"20260905-horizontal_scan-0"
261702,"20260905-horizontal_scan-0"
261703,"20260905-horizontal_scan-0"
261705,"20260905-horizontal_scan-0"
261706,"20260905-horizontal_scan-0"
261707,"20260905-horizontal_scan-0"
261709,"20260905-horizontal_scan-0"
261713,"20260905-horizontal_scan-0"
261716,"20260905-horizontal_scan-0"
261719,"20260905-horizontal_scan-0"
261723,"20260905-horizontal_scan-0"
261734,"20260905-horizontal_scan-0"
261736,"20260905-horizontal_scan-0"
261737,"20260905-horizontal_scan-0"
261745,"20260905-horizontal_scan-0"
261746,"20260905-horizontal_scan-0"
261758,"20260905-horizontal_scan-0"
261771,"20260905-horizontal_scan-0"
261776,"20260905-horizontal_scan-0"
261779,"20260905-horizontal_scan-0"
261782,"20260905-horizontal_scan-0"
261785,"20260905-horizontal_scan-0"
261786,"20260905-horizontal_scan-0"
261787,"20260905-horizontal_scan-0"
261788,"20260905-horizontal_scan-0"
261791,"20260905-horizontal_scan-0"
261797,"20260905-horizontal_scan-0"
261803,"20260905-horizontal_scan-0"
261804,"20260905-horizontal_scan-0"
261806,"20260905-horizontal_scan-0"
261808,"20260905-horizontal_scan-0"
261817,"20260905-horizontal_scan-0"
261818,"20260905-horizontal_scan-0"
261822,"20260905-horizontal_scan-0"
261824,"20260905-horizontal_scan-0"
261825,"20260905-horizontal_scan-0"
261826,"20260905-horizontal_scan-0"
261830,"20260905-horizontal_scan-0"
261832,"20260905-horizontal_scan-0"
261837,"20260905-horizontal_scan-0"
261842,"20260905-horizontal_scan-0"
261843,"20260905-horizontal_scan-0"
261844,"20260905-horizontal_scan-0"
261847,"20260905-horizontal_scan-0"
261850,"20260905-horizontal_scan-0"
261852,"20260905-horizontal_scan-0"
261855,"20260905-horizontal_scan-0"
261856,"20260905-horizontal_scan-0"
261860,"20260905-horizontal_scan-0"
261863,"20260905-horizontal_scan-0"
261874,"20260905-horizontal_scan-0"
261878,"20260905-horizontal_scan-0"
261879,"20260905-horizontal_scan-0"
261885,"20260905-horizontal_scan-0"
261887,"20260905-horizontal_scan-0"
261892,"20260905-horizontal_scan-0"
261893,"20260905-horizontal_scan-0"
261897,"20260905-horizontal_scan-0"
261899,"20260905-horizontal_scan-0"
261903,"20260905-horizontal_scan-0"
261906,"20260905-horizontal_scan-0"
261907,"20260905-horizontal_scan-0"
261913,"20260905-horizontal_scan-0"
261914,"20260905-horizontal_scan-0"
261918,"20260905-horizontal_scan-0"
261920,"20260905-horizontal_scan-0"
261921,"20260905-horizontal_scan-0"
261922,"20260905-horizontal_scan-0"
261926,"20260905-horizontal_scan-0"
261927,"20260905-horizontal_scan-0"
261932,"20260905-horizontal_scan-0"
261938,"20260905-horizontal_scan-0"
261942,"20260905-horizontal_scan-0"
261943,"20260905-horizontal_scan-0"
261945,"20260905-horizontal_scan-0"
261946,"20260905-horizontal_scan-0"
261948,"20260905-horizontal_scan-0"
261952,"20260905-horizontal_scan-0"
261955,"20260905-horizontal_scan-0"
261960,"20260905-horizontal_scan-0"
261963,"20260905-horizontal_scan-0"
261966,"20260905-horizontal_scan-0"
261967,"20260905-horizontal_scan-0"
261974,"20260905-horizontal_scan-0"
261977,"20260905-horizontal_scan-0"
261986,"20260905-horizontal_scan-0"
261987,"20260905-horizontal_scan-0"
261992,"20260905-horizontal_scan-0"
261996,"20260905-horizontal_scan-0"
261998,"20260905-horizontal_scan-0"
261999,"20260905-horizontal_scan-0"
262001,"20260905-horizontal_scan-0"
262004,"20260905-horizontal_scan-0"
262005,"20260905-horizontal_scan-0"
262013,"20260905-horizontal_scan-0"
262014,"20260905-horizontal_scan-0"
262015,"20260905-horizontal_scan-0"
262017,"20260905-horizontal_scan-0"
262022,"20260905-horizontal_scan-0"
262026,"20260905-horizontal_scan-0"
262027,"20260905-horizontal_scan-0"
265144,"20260905-beaconing-0"
265164,"20260905-beaconing-0"
265179,"20260905-beaconing-0"
265199,"20260905-beaconing-0"
265212,"20260905-beaconing-0"
265226,"20260905-beaconing-0"
265240,"20260905-beaconing-0"
265257,"20260905-beaconing-0"
265287,"20260905-beaconing-0"
265304,"20260905-beaconing-0"
265320,"20260905-beaconing-0"
265339,"20260905-beaconing-0"
265357,"20260905-beaconing-0"
265374,"20260905-beaconing-0"
265393,"20260905-beaconing-0"
265410,"20260905-beaconing-0"
265436,"20260905-beaconing-0"
265455,"20260905-beaconing-0"
265479,"20260905-beaconing-0"
265503,"20260905-beaconing-0"
265519,"20260905-beaconing-0"
265538,"20260905-beaconing-0"
265552,"20260905-beaconing-0"
265574,"20260905-beaconing-0"
265587,"20260905-beaconing-0"
265611,"20260905-beaconing-0"
265621,"20260905-beaconing-0"
265647,"20260905-beaconing-0"
265661,"20260905-beaconing-0"
265679,"20260905-beaconing-0"
265712,"20260905-beaconing-0"
265734,"20260905-beaconing-0"
265758,"20260905-beaconing-0"
265778,"20260905-beaconing-0"
265794,"20260905-beaconing-0"
265814,"20260905-beaconing-0"
265837,"20260905-beaconing-0"
265861,"20260905-beaconing-0"
265882,"20260905-beaconing-0"
265904,"20260905-beaconing-0"
265927,"20260905-beaconing-0"
265947,"20260905-beaconing-0"
265963,"20260905-beaconing-0"
265979,"20260905-beaconing-0"
265997,"20260905-beaconing-0"
266015,"20260905-beaconing-0"
266031,"20260905-beaconing-0"
266047,"20260905-beaconing-0"
266064,"20260905-beaconing-0"
266080,"20260905-beaconing-0"
266099,"20260905-beaconing-0"
266114,"20260905-beaconing-0"
266141,"20260905-beaconing-0"
266172,"20260905-beaconing-0"
266196,"20260905-beaconing-0"
266214,"20260905-beaconing-0"
266235,"20260905-beaconing-0"
266251,"20260905-beaconing-0"
266271,"20260905-beaconing-0"
266291,"20260905-beaconing-0"
266294,"20260905-brute_force-0"
266298,"20260905-brute_force-0"
266299,"20260905-brute_force-0"
266302,"20260905-brute_force-0"
266303,"20260905-brute_force-0"
266305,"20260905-brute_force-0"
266307,"20260905-brute_force-0"
266310,"20260905-brute_force-0"
266311,"20260905-brute_force-0"
266313,"20260905-brute_force-0"
266315,"20260905-brute_force-0"
266317,"20260905-brute_force-0"
266321,"20260905-brute_force-0"
266322,"20260905-beaconing-0"
266323,"20260905-brute_force-0"
266325,"20260905-brute_force-0"
266327,"20260905-brute_force-0"
266328,"20260905-brute_force-0"
266330,"20260905-brute_force-0"
266331,"20260905-brute_force-0"
266333,"20260905-brute_force-0"
266334,"20260905-brute_force-0"
266337,"20260905-brute_force-0"
266338,"20260905-brute_force-0"
266339,"20260905-brute_force-0"
266340,"20260905-brute_force-0"
266341,"20260905-brute_force-0"
266342,"20260905-brute_force-0"
266343,"20260905-brute_force-0"
266346,"20260905-brute_force-0"
266347,"20260905-brute_force-0"
266348,"20260905-brute_force-0"
266351,"20260905-brute_force-0"
266352,"20260905-brute_force-0"
266353,"20260905-brute_force-0"
266355,"20260905-brute_force-0"
266356,"20260905-beaconing-0"
266359,"20260905-brute_force-0"
266360,"20260905-brute_force-0"
266361,"20260905-brute_force-0"
266362,"20260905-brute_force-0"
266363,"20260905-brute_force-0"
266365,"20260905-brute_force-0"
266366,"20260905-brute_force-0"
266367,"20260905-brute_force-0"
266369,"20260905-brute_force-0"
266370,"20260905-brute_force-0"
266371,"20260905-brute_force-0"
266372,"20260905-brute_force-0"
266373,"20260905-brute_force-0"
266374,"20260905-brute_force-0"
266376,"20260905-brute_force-0"
266377,"20260905-brute_force-0"
266380,"20260905-brute_force-0"
266382,"20260905-brute_force-0"
266384,"20260905-brute_force-0"
266386,"20260905-brute_force-0"
266387,"20260905-brute_force-0"
266391,"20260905-brute_force-0"
266392,"20260905-brute_force-0"
266393,"20260905-brute_force-0"
266394,"20260905-brute_force-0"
266396,"20260905-brute_force-0"
266397,"20260905-brute_force-0"
266399,"20260905-beaconing-0"
266401,"20260905-brute_force-0"
266403,"20260905-brute_force-0"
266404,"20260905-brute_force-0"
266405,"20260905-brute_force-0"
266406,"20260905-brute_force-0"
266407,"20260905-brute_force-0"
266408,"20260905-brute_force-0"
266409,"20260905-brute_force-0"
266410,"20260905-brute_force-0"
266411,"20260905-brute_force-0"
266412,"20260905-brute_force-0"
266416,"20260905-brute_force-0"
266419,"20260905-brute_force-0"
266421,"20260905-brute_force-0"
266422,"20260905-brute_force-0"
266424,"20260905-brute_force-0"
266425,"20260905-brute_force-0"
266427,"20260905-brute_force-0"
266433,"20260905-brute_force-0"
266434,"20260905-brute_force-0"
266435,"20260905-brute_force-0"
266439,"20260905-brute_force-0"
266440,"20260905-brute_force-0"
266442,"20260905-brute_force-0"
266443,"20260905-beaconing-0"
266444,"20260905-brute_force-0"
266447,"20260905-brute_force-0"
266452,"20260905-brute_force-0"
266453,"20260905-brute_force-0"
266456,"20260905-brute_force-0"
266457,"20260905-brute_force-0"
266458,"20260905-brute_force-0"
266460,"20260905-brute_force-0"
266461,"20260905-brute_force-0"
266464,"20260905-brute_force-0"
266466,"20260905-brute_force-0"
266475,"20260905-brute_force-0"
266478,"20260905-brute_force-0"
266481,"20260905-brute_force-0"
266483,"20260905-brute_force-0"
266484,"20260905-brute_force-0"
266485,"20260905-beaconing-0"
266490,"20260905-brute_force-0"
266491,"20260905-brute_force-0"
266492,"20260905-brute_force-0"
266495,"20260905-brute_force-0"
266500,"20260905-brute_force-0"
266501,"20260905-brute_force-0"
266502,"20260905-brute_force-0"
266504,"20260905-brute_force-0"
266505,"20260905-brute_force-0"
266508,"20260905-brute_force-0"
266510,"20260905-brute_force-0"
266514,"20260905-brute_force-0"
266515,"20260905-brute_force-0"
266518,"20260905-beaconing-0"
266519,"20260905-brute_force-0"
266521,"20260905-brute_force-0"
266523,"20260905-brute_force-0"
266525,"20260905-brute_force-0"
266526,"20260905-brute_force-0"
266527,"20260905-brute_force-0"
266529,"20260905-brute_force-0"
266530,"20260905-brute_force-0"
266532,"20260905-brute_force-0"
266536,"20260905-brute_force-0"
266537,"20260905-brute_force-0"
266538,"20260905-brute_force-0"
266545,"20260905-brute_force-0"
266548,"20260905-brute_force-0"
266549,"20260905-brute_force-0"
266551,"20260905-brute_force-0"
266553,"20260905-brute_force-0"
266555,"20260905-brute_force-0"
266556,"20260905-brute_force-0"
266557,"20260905-brute_force-0"
266558,"20260905-brute_force-0"
266559,"20260905-brute_force-0"
266560,"20260905-brute_force-0"
266561,"20260905-beaconing-0"
266563,"20260905-brute_force-0"
266565,"20260905-brute_force-0"
266566,"20260905-brute_force-0"
266567,"20260905-brute_force-0"
266568,"20260905-brute_force-0"
266569,"20260905-brute_force-0"
266577,"20260905-brute_force-0"
266578,"20260905-brute_force-0"
266582,"20260905-brute_force-0"
266585,"20260905-brute_force-0"
266587,"20260905-brute_force-0"
266588,"20260905-brute_force-0"
266589,"20260905-brute_force-0"
266592,"20260905-brute_force-0"
266593,"20260905-brute_force-0"
266596,"20260905-brute_force-0"
266598,"20260905-brute_force-0"
266599,"20260905-brute_force-0"
266600,"20260905-brute_force-0"
266602,"20260905-beaconing-0"
266605,"20260905-brute_force-0"
266606,"20260905-brute_force-0"
266607,"20260905-brute_force-0"
266608,"20260905-brute_force-0"
266609,"20260905-brute_force-0"
266610,"20260905-brute_force-0"
266611,"20260905-brute_force-0"
266612,"20260905-brute_force-0"
266613,"20260905-brute_force-0"
266615,"20260905-brute_force-0"
266616,"20260905-brute_force-0"
266619,"20260905-brute_force-0"
266623,"20260905-brute_force-0"
266625,"20260905-brute_force-0"
266627,"20260905-brute_force-0"
266628,"20260905-brute_force-0"
266629,"20260905-brute_force-0"
266632,"20260905-brute_force-0"
266634,"20260905-brute_force-0"
266636,"20260905-beaconing-0"
266641,"20260905-brute_force-0"
266642,"20260905-brute_force-0"
266643,"20260905-brute_force-0"
266645,"20260905-brute_force-0"
266646,"20260905-brute_force-0"
266648,"20260905-brute_force-0"
266651,"20260905-brute_force-0"
266652,"20260905-brute_force-0"
266653,"20260905-brute_force-0"
266655,"20260905-brute_force-0"
266657,"20260905-brute_force-0"
266664,"20260905-brute_force-0"
266665,"20260905-brute_force-0"
266667,"20260905-brute_force-0"
266669,"20260905-brute_force-0"
266671,"20260905-brute_force-0"
266672,"20260905-brute_force-0"
266673,"20260905-brute_force-0"
266676,"20260905-brute_force-0"
266677,"20260905-brute_force-0"
266679,"20260905-brute_force-0"
266680,"20260905-brute_force-0"
266681,"20260905-brute_force-0"
266682,"20260905-brute_force-0"
266683,"20260905-brute_force-0"
266684,"20260905-beaconing-0"
266687,"20260905-brute_force-0"
266688,"20260905-brute_force-0"
266690,"20260905-brute_force-0"
266692,"20260905-brute_force-0"
266693,"20260905-brute_force-0"
266696,"20260905-brute_force-0"
266697,"20260905-brute_force-0"
266698,"20260905-brute_force-0"
266701,"20260905-brute_force-0"
266703,"20260905-brute_force-0"
266706,"20260905-brute_force-0"
266709,"20260905-brute_force-0"
266712,"20260905-brute_force-0"
266716,"20260905-brute_force-0"
266717,"20260905-beaconing-0"
266720,"20260905-brute_force-0"
266722,"20260905-brute_force-0"
266723,"20260905-brute_force-0"
266725,"20260905-brute_force-0"
266726,"20260905-brute_force-0"
266729,"20260905-brute_force-0"
266733,"20260905-brute_force-0"
266734,"20260905-brute_force-0"
266735,"20260905-brute_force-0"
266736,"20260905-brute_force-0"
266738,"20260905-brute_force-0"
266739,"20260905-brute_force-0"
266740,"20260905-brute_force-0"
266741,"20260905-brute_force-0"
266742,"20260905-brute_force-0"
266743,"20260905-brute_force-0"
266745,"20260905-brute_force-0"
266747,"20260905-brute_force-0"
266750,"20260905-brute_force-0"
266752,"20260905-brute_force-0"
266753,"20260905-brute_force-0"
266757,"20260905-beaconing-0"
266758,"20260905-brute_force-0"
266759,"20260905-brute_force-0"
266760,"20260905-brute_force-0"
266763,"20260905-brute_force-0"
266766,"20260905-brute_force-0"
266768,"20260905-brute_force-0"
266771,"20260905-brute_force-0"
266773,"20260905-brute_force-0"
266776,"20260905-brute_force-0"
266778,"20260905-brute_force-0"
266786,"20260905-brute_force-0"
266788,"20260905-brute_force-0"
266790,"20260905-brute_force-0"
266791,"20260905-brute_force-0"
266793,"20260905-brute_force-0"
266795,"20260905-brute_force-0"
266797,"20260905-brute_force-0"
266800,"20260905-beaconing-0"
266801,"20260905-brute_force-0"
266802,"20260905-brute_force-0"
266803,"20260905-brute_force-0"
266805,"20260905-brute_force-0"
266806,"20260905-brute_force-0"
266807,"20260905-brute_force-0"
266808,"20260905-brute_force-0"
266809,"20260905-brute_force-0"
266813,"20260905-brute_force-0"
266814,"20260905-brute_force-0"
266816,"20260905-brute_force-0"
266817,"20260905-brute_force-0"
266824,"20260905-brute_force-0"
266825,"20260905-brute_force-0"
266826,"20260905-brute_force-0"
266829,"20260905-brute_force-0"
266831,"20260905-brute_force-0"
266833,"20260905-brute_force-0"
266835,"20260905-brute_force-0"
266837,"20260905-brute_force-0"
266840,"20260905-brute_force-0"
266841,"20260905-brute_force-0"
266844,"20260905-brute_force-0"
266845,"20260905-brute_force-0"
266846,"20260905-brute_force-0"
266847,"20260905-beaconing-0"
266852,"20260905-brute_force-0"
266854,"20260905-brute_force-0"
266855,"20260905-brute_force-0"
266857,"20260905-brute_force-0"
266858,"20260905-brute_force-0"
266859,"20260905-brute_force-0"
266860,"20260905-brute_force-0"
266865,"20260905-brute_force-0"
266866,"20260905-brute_force-0"
266868,"20260905-brute_force-0"
266871,"20260905-brute_force-0"
266873,"20260905-brute_force-0"
266874,"20260905-brute_force-0"
266875,"20260905-brute_force-0"
266877,"20260905-brute_force-0"
266878,"20260905-brute_force-0"
266879,"20260905-brute_force-0"
266881,"20260905-brute_force-0"
266883,"20260905-brute_force-0"
266886,"20260905-brute_force-0"
266887,"20260905-brute_force-0"
266888,"20260905-beaconing-0"
266889,"20260905-brute_force-0"
266906,"20260905-beaconing-0"
266930,"20260905-beaconing-0"
266943,"20260905-beaconing-0"
266966,"20260905-beaconing-0"
266984,"20260905-beaconing-0"
267003,"20260905-beaconing-0"
267033,"20260905-beaconing-0"
267057,"20260905-beaconing-0"
267080,"20260905-beaconing-0"
267093,"20260905-beaconing-0"
267106,"20260905-beaconing-0"
267129,"20260905-beaconing-0"
267146,"20260905-beaconing-0"
267162,"20260905-beaconing-0"
267188,"20260905-beaconing-0"
267212,"20260905-beaconing-0"
267228,"20260905-beaconing-0"
267249,"20260905-beaconing-0"
267274,"20260905-beaconing-0"
267290,"20260905-beaconing-0"
267304,"20260905-beaconing-0"
267323,"20260905-beaconing-0"
267347,"20260905-beaconing-0"
267365,"20260905-beaconing-0"
267382,"20260905-beaconing-0"
267405,"20260905-beaconing-0"
267425,"20260905-beaconing-0"
267450,"20260905-beaconing-0"
267474,"20260905-beaconing-0"
267496,"20260905-beaconing-0"
267513,"20260905-beaconing-0"
267529,"20260905-beaconing-0"
267546,"20260905-beaconing-0"
267565,"20260905-beaconing-0"
267597,"20260905-beaconing-0"
267617,"20260905-beaconing-0"
267632,"20260905-beaconing-0"
267659,"20260905-beaconing-0"
267679,"20260905-beaconing-0"
267702,"20260905-beaconing-0"
267724,"20260905-beaconing-0"
267748,"20260905-beaconing-0"
267770,"20260905-beaconing-0"
267794,"20260905-beaconing-0"
267814,"20260905-beaconing-0"
267833,"20260905-beaconing-0"
267860,"20260905-beaconing-0"
267886,"20260905-beaconing-0"
267914,"20260905-beaconing-0"
267934,"20260905-beaconing-0"
267955,"20260905-beaconing-0"
267977,"20260905-beaconing-0"
267994,"20260905-beaconing-0"
268029,"20260905-beaconing-0"
268042,"20260905-beaconing-0"
268063,"20260905-beaconing-0"
268088,"20260905-beaconing-0"
268112,"20260905-beaconing-0"
268128,"20260905-beaconing-0"
268143,"20260905-beaconing-0"
268169,"20260905-beaconing-0"
268189,"20260905-beaconing-0"
268218,"20260905-beaconing-0"
268247,"20260905-beaconing-0"
268274,"20260905-beaconing-0"
268297,"20260905-beaconing-0"
268321,"20260905-beaconing-0"
268347,"20260905-beaconing-0"
268379,"20260905-beaconing-0"
268402,"20260905-beaconing-0"
268431,"20260905-beaconing-0"
268459,"20260905-beaconing-0"
268481,"20260905-beaconing-0"
268513,"20260905-beaconing-0"
268535,"20260905-beaconing-0"
268564,"20260905-beaconing-0"
268598,"20260905-beaconing-0"
268620,"20260905-beaconing-0"
268636,"20260905-beaconing-0"
268660,"20260905-beaconing-0"
268681,"20260905-beaconing-0"
268704,"20260905-beaconing-0"
268735,"20260905-beaconing-0"
268764,"20260905-beaconing-0"
268785,"20260905-beaconing-0"
268799,"20260905-beaconing-0"
268819,"20260905-beaconing-0"
268847,"20260905-beaconing-0"
268872,"20260905-beaconing-0"
268893,"20260905-beaconing-0"
268918,"20260905-beaconing-0"
268945,"20260905-beaconing-0"
268974,"20260905-beaconing-0"
268995,"20260905-beaconing-0"
269008,"20260905-beaconing-0"
269038,"20260905-beaconing-0"
269061,"20260905-beaconing-0"
269090,"20260905-beaconing-0"
269101,"20260905-beaconing-0"
269137,"20260905-beaconing-0"
269168,"20260905-beaconing-0"
269193,"20260905-beaconing-0"
269214,"20260905-beaconing-0"
269241,"20260905-beaconing-0"
269267,"20260905-beaconing-0"
269297,"20260905-beaconing-0"
269324,"20260905-beaconing-0"
269369,"20260905-beaconing-0"
269409,"20260905-beaconing-0"
269446,"20260905-beaconing-0"
269493,"20260905-beaconing-0"
269522,"20260905-beaconing-0"
269555,"20260905-beaconing-0"
269590,"20260905-beaconing-0"
269628,"20260905-beaconing-0"
269660,"20260905-beaconing-0"
269692,"20260905-beaconing-0"
269713,"20260905-beaconing-0"
269746,"20260905-beaconing-0"
269784,"20260905-beaconing-0"
269824,"20260905-beaconing-0"
269851,"20260905-beaconing-0"
269894,"20260905-beaconing-0"
269919,"20260905-beaconing-0"
269957,"20260905-beaconing-0"
269981,"20260905-beaconing-0"
270018,"20260905-beaconing-0"
270051,"20260905-beaconing-0"
270085,"20260905-beaconing-0"
270110,"20260905-beaconing-0"
270136,"20260905-beaconing-0"
270165,"20260905-beaconing-0"
270192,"20260905-beaconing-0"
270227,"20260905-beaconing-0"
270257,"20260905-beaconing-0"
270295,"20260905-beaconing-0"
270335,"20260905-beaconing-0"
270365,"20260905-beaconing-0"
270399,"20260905-beaconing-0"
270434,"20260905-beaconing-0"
270470,"20260905-beaconing-0"
270507,"20260905-beaconing-0"
270543,"20260905-beaconing-0"
270571,"20260905-beaconing-0"
270596,"20260905-beaconing-0"
270637,"20260905-beaconing-0"
270665,"20260905-beaconing-0"
270699,"20260905-beaconing-0"
270727,"20260905-beaconing-0"
270759,"20260905-beaconing-0"
270787,"20260905-beaconing-0"
270812,"20260905-beaconing-0"
270857,"20260905-beaconing-0"
270894,"20260905-beaconing-0"
270943,"20260905-beaconing-0"
270986,"20260905-beaconing-0"
271024,"20260905-beaconing-0"
271061,"20260905-beaconing-0"
271096,"20260905-beaconing-0"
271123,"20260905-beaconing-0"
271162,"20260905-beaconing-0"
271192,"20260905-beaconing-0"
271226,"20260905-beaconing-0"
271248,"20260905-beaconing-0"
271289,"20260905-beaconing-0"
271339,"20260905-beaconing-0"
271393,"20260905-beaconing-0"
271436,"20260905-beaconing-0"
271477,"20260905-beaconing-0"
271549,"20260905-beaconing-0"
271594,"20260905-beaconing-0"
271626,"20260905-beaconing-0"
271672,"20260905-beaconing-0"
271709,"20260905-beaconing-0"
271754,"20260905-beaconing-0"
271809,"20260905-beaconing-0"
271852,"20260905-beaconing-0"
271900,"20260905-beaconing-0"
271955,"20260905-beaconing-0"
272009,"20260905-beaconing-0"
272054,"20260905-beaconing-0"
272095,"20260905-beaconing-0"
272138,"20260905-beaconing-0"
272188,"20260905-beaconing-0"
272230,"20260905-beaconing-0"
272280,"20260905-beaconing-0"
272320,"20260905-beaconing-0"
272363,"20260905-beaconing-0"
272406,"20260905-beaconing-0"
272445,"20260905-beaconing-0"
272484,"20260905-beaconing-0"
272518,"20260905-beaconing-0"
272572,"20260905-beaconing-0"
272608,"20260905-beaconing-0"
272656,"20260905-beaconing-0"
272702,"20260905-beaconing-0"
272751,"20260905-beaconing-0"
272793,"20260905-beaconing-0"
272844,"20260905-beaconing-0"
272904,"20260905-beaconing-0"
272950,"20260905-beaconing-0"
272999,"20260905-beaconing-0"
273059,"20260905-beaconing-0"
273099,"20260905-beaconing-0"
273151,"20260905-beaconing-0"
273201,"20260905-beaconing-0"
273247,"20260905-beaconing-0"
273299,"20260905-beaconing-0"
273345,"20260905-beaconing-0"
273387,"20260905-beaconing-0"
273426,"20260905-beaconing-0"
273478,"20260905-beaconing-0"
273514,"20260905-beaconing-0"
273561,"20260905-beaconing-0"
273602,"20260905-beaconing-0"
273648,"20260905-beaconing-0"
273690,"20260905-beaconing-0"
273725,"20260905-beaconing-0"
273766,"20260905-beaconing-0"
273823,"20260905-beaconing-0"
273870,"20260905-beaconing-0"
273917,"20260905-beaconing-0"
273964,"20260905-beaconing-0"
274013,"20260905-beaconing-0"
274081,"20260905-beaconing-0"
274147,"20260905-beaconing-0"
274226,"20260905-beaconing-0"
274297,"20260905-beaconing-0"
274365,"20260905-beaconing-0"
274432,"20260905-beaconing-0"
274490,"20260905-beaconing-0"
274558,"20260905-beaconing-0"
274631,"20260905-beaconing-0"
274688,"20260905-beaconing-0"
274742,"20260905-beaconing-0"
274813,"20260905-beaconing-0"
274875,"20260905-beaconing-0"
274926,"20260905-beaconing-0"
275001,"20260905-beaconing-0"
275064,"20260905-beaconing-0"
275125,"20260905-beaconing-0"
275196,"20260905-beaconing-0"
275271,"20260905-beaconing-0"
275338,"20260905-beaconing-0"
275395,"20260905-beaconing-0"
275454,"20260905-beaconing-0"
275533,"20260905-beaconing-0"
275604,"20260905-beaconing-0"
275661,"20260905-beaconing-0"
275738,"20260905-beaconing-0"
275805,"20260905-beaconing-0"
275889,"20260905-beaconing-0"
275950,"20260905-beaconing-0"
276031,"20260905-beaconing-0"
276104,"20260905-beaconing-0"
276175,"20260905-beaconing-0"
276234,"20260905-beaconing-0"
276301,"20260905-beaconing-0"
276367,"20260905-beaconing-0"
276427,"20260905-beaconing-0"
276484,"20260905-beaconing-0"
276542,"20260905-beaconing-0"
276606,"20260905-beaconing-0"
276687,"20260905-beaconing-0"
276759,"20260905-beaconing-0"
276827,"20260905-beaconing-0"
276898,"20260905-beaconing-0"
276967,"20260905-beaconing-0"
277037,"20260905-beaconing-0"
277107,"20260905-beaconing-0"
277175,"20260905-beaconing-0"
277233,"20260905-beaconing-0"
277306,"20260905-beaconing-0"
277375,"20260905-beaconing-0"
277446,"20260905-beaconing-0"
277502,"20260905-beaconing-0"
277586,"20260905-beaconing-0"
277646,"20260905-beaconing-0"
277717,"20260905-beaconing-0"
277780,"20260905-beaconing-0"
277845,"20260905-beaconing-0"
277916,"20260905-beaconing-0"
277987,"20260905-beaconing-0"
278061,"20260905-beaconing-0"
278133,"20260905-beaconing-0"
313872,"20260905-exfil_burst-0"
314031,"20260905-exfil_burst-0"
314208,"20260905-exfil_burst-0"
314286,"20260905-exfil_burst-0"
314348,"20260905-exfil_burst-0"
314384,"20260905-exfil_burst-0"
314443,"20260905-exfil_burst-0"
314452,"20260905-exfil_burst-0"
314486,"20260905-exfil_burst-0"
314607,"20260905-exfil_burst-0"
314614,"20260905-exfil_burst-0"
314623,"20260905-exfil_burst-0"
314653,"20260905-exfil_burst-0"
314711,"20260905-exfil_burst-0"
314722,"20260905-exfil_burst-0"
314746,"20260905-exfil_burst-0"
314811,"20260905-exfil_burst-0"
315009,"20260905-exfil_burst-0"
315019,"20260905-exfil_burst-0"
315140,"20260905-exfil_burst-0"
326617,"20260906-brute_force-0"
326618,"20260906-brute_force-0"
326620,"20260906-brute_force-0"
326621,"20260906-brute_force-0"
326623,"20260906-brute_force-0"
326624,"20260906-brute_force-0"
326627,"20260906-brute_force-0"
326628,"20260906-brute_force-0"
326629,"20260906-brute_force-0"
326630,"20260906-brute_force-0"
326633,"20260906-brute_force-0"
326634,"20260906-brute_force-0"
326635,"20260906-brute_force-0"
326637,"20260906-brute_force-0"
326638,"20260906-brute_force-0"
326640,"20260906-brute_force-0"
326643,"20260906-brute_force-0"
326644,"20260906-brute_force-0"
326648,"20260906-brute_force-0"
326649,"20260906-brute_force-0"
326650,"20260906-brute_force-0"
326651,"20260906-brute_force-0"
326652,"20260906-brute_force-0"
326654,"20260906-brute_force-0"
326655,"20260906-beaconing-0"
326658,"20260906-brute_force-0"
326659,"20260906-brute_force-0"
326665,"20260906-brute_force-0"
326667,"20260906-brute_force-0"
326668,"20260906-brute_force-0"
326672,"20260906-brute_force-0"
326673,"20260906-brute_force-0"
326677,"20260906-brute_force-0"
326679,"20260906-brute_force-0"
326681,"20260906-brute_force-0"
326683,"20260906-beaconing-0"
326688,"20260906-brute_force-0"
326689,"20260906-brute_force-0"
326690,"20260906-brute_force-0"
326691,"20260906-brute_force-0"
326692,"20260906-brute_force-0"
326694,"20260906-brute_force-0"
326695,"20260906-brute_force-0"
326696,"20260906-brute_force-0"
326697,"20260906-brute_force-0"
326698,"20260906-brute_force-0"
326699,"20260906-brute_force-0"
326707,"20260906-brute_force-0"
326708,"20260906-brute_force-0"
326711,"20260906-brute_force-0"
326715,"20260906-brute_force-0"
326717,"20260906-brute_force-0"
326718,"20260906-brute_force-0"
326719,"20260906-brute_force-0"
326720,"20260906-brute_force-0"
326721,"20260906-brute_force-0"
326722,"20260906-brute_force-0"
326723,"20260906-beaconing-0"
326724,"20260906-brute_force-0"
326725,"20260906-brute_force-0"
326726,"20260906-brute_force-0"
326727,"20260906-brute_force-0"
326728,"20260906-brute_force-0"
326729,"20260906-brute_force-0"
326731,"20260906-brute_force-0"
326734,"20260906-brute_force-0"
326735,"20260906-brute_force-0"
326737,"20260906-brute_force-0"
326738,"20260906-brute_force-0"
326739,"20260906-brute_force-0"
326740,"20260906-brute_force-0"
326741,"20260906-brute_force-0"
326742,"20260906-brute_force-0"
326744,"20260906-brute_force-0"
326745,"20260906-brute_force-0"
326747,"20260906-beaconing-0"
326748,"20260906-brute_force-0"
326750,"20260906-brute_force-0"
326751,"20260906-brute_force-0"
326752,"20260906-brute_force-0"
326753,"20260906-brute_force-0"
326754,"20260906-brute_force-0"
326756,"20260906-brute_force-0"
326757,"20260906-brute_force-0"
326759,"20260906-brute_force-0"
326760,"20260906-brute_force-0"
326762,"20260906-brute_force-0"
326763,"20260906-brute_force-0"
326764,"20260906-brute_force-0"
326766,"20260906-brute_force-0"
326767,"20260906-brute_force-0"
326768,"20260906-brute_force-0"
326772,"20260906-brute_force-0"
326776,"20260906-brute_force-0"
326777,"20260906-brute_force-0"
326781,"20260906-brute_force-0"
326782,"20260906-brute_force-0"
326783,"20260906-beaconing-0"
326785,"20260906-brute_force-0"
326786,"20260906-brute_force-0"
326788,"20260906-brute_force-0"
326790,"20260906-brute_force-0"
326792,"20260906-brute_force-0"
326793,"20260906-brute_force-0"
326794,"20260906-brute_force-0"
326797,"20260906-brute_force-0"
326799,"20260906-brute_force-0"
326801,"20260906-brute_force-0"
326804,"20260906-brute_force-0"
326805,"20260906-brute_force-0"
326806,"20260906-brute_force-0"
326807,"20260906-brute_force-0"
326809,"20260906-brute_force-0"
326810,"20260906-brute_force-0"
326815,"20260906-brute_force-0"
326817,"20260906-brute_force-0"
326819,"20260906-brute_force-0"
326824,"20260906-beaconing-0"
326827,"20260906-brute_force-0"
326829,"20260906-brute_force-0"
326832,"20260906-brute_force-0"
326837,"20260906-brute_force-0"
326838,"20260906-brute_force-0"
326839,"20260906-brute_force-0"
326841,"20260906-brute_force-0"
326844,"20260906-brute_force-0"
326846,"20260906-brute_force-0"
326847,"20260906-brute_force-0"
326852,"20260906-brute_force-0"
326856,"20260906-brute_force-0"
326857,"20260906-brute_force-0"
326858,"20260906-brute_force-0"
326859,"20260906-brute_force-0"
326861,"20260906-beaconing-0"
326865,"20260906-brute_force-0"
326866,"20260906-brute_force-0"
326869,"20260906-brute_force-0"
326871,"20260906-brute_force-0"
326872,"20260906-brute_force-0"
326875,"20260906-brute_force-0"
326876,"20260906-brute_force-0"
326877,"20260906-brute_force-0"
326878,"20260906-brute_force-0"
326879,"20260906-brute_force-0"
326881,"20260906-brute_force-0"
326882,"20260906-brute_force-0"
326883,"20260906-brute_force-0"
326885,"20260906-brute_force-0"
326886,"20260906-brute_force-0"
326887,"20260906-brute_force-0"
326888,"20260906-brute_force-0"
326892,"20260906-brute_force-0"
326894,"20260906-brute_force-0"
326897,"20260906-brute_force-0"
326898,"20260906-brute_force-0"
326899,"20260906-brute_force-0"
326900,"20260906-brute_force-0"
326904,"20260906-brute_force-0"
326905,"20260906-beaconing-0"
326908,"20260906-brute_force-0"
326909,"20260906-brute_force-0"
326911,"20260906-brute_force-0"
326913,"20260906-brute_force-0"
326918,"20260906-brute_force-0"
326922,"20260906-brute_force-0"
326925,"20260906-brute_force-0"
326926,"20260906-brute_force-0"
326928,"20260906-brute_force-0"
326930,"20260906-brute_force-0"
326931,"20260906-brute_force-0"
326932,"20260906-brute_force-0"
326933,"20260906-brute_force-0"
326935,"20260906-brute_force-0"
326936,"20260906-brute_force-0"
326938,"20260906-brute_force-0"
326939,"20260906-beaconing-0"
326941,"20260906-brute_force-0"
326942,"20260906-brute_force-0"
326944,"20260906-brute_force-0"
326945,"20260906-brute_force-0"
326946,"20260906-brute_force-0"
326947,"20260906-brute_force-0"
326951,"20260906-brute_force-0"
326952,"20260906-brute_force-0"
326953,"20260906-brute_force-0"
326954,"20260906-brute_force-0"
326956,"20260906-brute_force-0"
326957,"20260906-brute_force-0"
326959,"20260906-brute_force-0"
326960,"20260906-brute_force-0"
326963,"20260906-brute_force-0"
326964,"20260906-brute_force-0"
326969,"20260906-brute_force-0"
326970,"20260906-brute_force-0"
326971,"20260906-brute_force-0"
326972,"20260906-brute_force-0"
326973,"20260906-brute_force-0"
326975,"20260906-brute_force-0"
326979,"20260906-brute_force-0"
326980,"20260906-brute_force-0"
326981,"20260906-brute_force-0"
326983,"20260906-brute_force-0"
326985,"20260906-beaconing-0"
326986,"20260906-brute_force-0"
326987,"20260906-brute_force-0"
326988,"20260906-brute_force-0"
326989,"20260906-brute_force-0"
326990,"20260906-brute_force-0"
326992,"20260906-brute_force-0"
326993,"20260906-brute_force-0"
326994,"20260906-brute_force-0"
326995,"20260906-brute_force-0"
326998,"20260906-brute_force-0"
327001,"20260906-brute_force-0"
327002,"20260906-brute_force-0"
327003,"20260906-brute_force-0"
327004,"20260906-brute_force-0"
327005,"20260906-brute_force-0"
327006,"20260906-brute_force-0"
327007,"20260906-brute_force-0"
327008,"20260906-brute_force-0"
327010,"20260906-brute_force-0"
327011,"20260906-brute_force-0"
327013,"20260906-brute_force-0"
327015,"20260906-brute_force-0"
327017,"20260906-brute_force-0"
327019,"20260906-brute_force-0"
327026,"20260906-brute_force-0"
327028,"20260906-brute_force-0"
327033,"20260906-beaconing-0"
327034,"20260906-brute_force-0"
327036,"20260906-brute_force-0"
327037,"20260906-brute_force-0"
327038,"20260906-brute_force-0"
327040,"20260906-brute_force-0"
327041,"20260906-brute_force-0"
327044,"20260906-brute_force-0"
327048,"20260906-brute_force-0"
327049,"20260906-brute_force-0"
327052,"20260906-brute_force-0"
327053,"20260906-brute_force-0"
327056,"20260906-brute_force-0"
327060,"20260906-brute_force-0"
327061,"20260906-brute_force-0"
327062,"20260906-brute_force-0"
327068,"20260906-brute_force-0"
327069,"20260906-brute_force-0"
327070,"20260906-brute_force-0"
327073,"20260906-beaconing-0"
327075,"20260906-brute_force-0"
327080,"20260906-brute_force-0"
327082,"20260906-brute_force-0"
327083,"20260906-brute_force-0"
327084,"20260906-brute_force-0"
327085,"20260906-brute_force-0"
327086,"20260906-brute_force-0"
327088,"20260906-brute_force-0"
327089,"20260906-brute_force-0"
327093,"20260906-brute_force-0"
327095,"20260906-brute_force-0"
327096,"20260906-brute_force-0"
327099,"20260906-brute_force-0"
327101,"20260906-brute_force-0"
327105,"20260906-brute_force-0"
327109,"20260906-brute_force-0"
327113,"20260906-brute_force-0"
327116,"20260906-brute_force-0"
327118,"20260906-brute_force-0"
327120,"20260906-brute_force-0"
327121,"20260906-beaconing-0"
327122,"20260906-brute_force-0"
327123,"20260906-brute_force-0"
327127,"20260906-brute_force-0"
327128,"20260906-brute_force-0"
327132,"20260906-brute_force-0"
327136,"20260906-brute_force-0"
327138,"20260906-brute_force-0"
327139,"20260906-brute_force-0"
327142,"20260906-brute_force-0"
327143,"20260906-brute_force-0"
327144,"20260906-brute_force-0"
327151,"20260906-brute_force-0"
327152,"20260906-brute_force-0"
327153,"20260906-brute_force-0"
327157,"20260906-brute_force-0"
327158,"20260906-brute_force-0"
327159,"20260906-brute_force-0"
327160,"20260906-brute_force-0"
327161,"20260906-beaconing-0"
327163,"20260906-brute_force-0"
327165,"20260906-brute_force-0"
327168,"20260906-brute_force-0"
327169,"20260906-brute_force-0"
327171,"20260906-brute_force-0"
327172,"20260906-brute_force-0"
327175,"20260906-brute_force-0"
327179,"20260906-brute_force-0"
327181,"20260906-brute_force-0"
327184,"20260906-brute_force-0"
327185,"20260906-brute_force-0"
327186,"20260906-brute_force-0"
327189,"20260906-brute_force-0"
327193,"20260906-brute_force-0"
327194,"20260906-brute_force-0"
327195,"20260906-brute_force-0"
327196,"20260906-brute_force-0"
327197,"20260906-brute_force-0"
327198,"20260906-brute_force-0"
327200,"20260906-brute_force-0"
327202,"20260906-brute_force-0"
327203,"20260906-brute_force-0"
327204,"20260906-brute_force-0"
327205,"20260906-brute_force-0"
327206,"20260906-beaconing-0"
327210,"20260906-brute_force-0"
327228,"20260906-beaconing-0"
327251,"20260906-beaconing-0"
327268,"20260906-beaconing-0"
327288,"20260906-beaconing-0"
327308,"20260906-beaconing-0"
327332,"20260906-beaconing-0"
327352,"20260906-beaconing-0"
327369,"20260906-beaconing-0"
327387,"20260906-beaconing-0"
327403,"20260906-beaconing-0"
327424,"20260906-beaconing-0"
327443,"20260906-beaconing-0"
327464,"20260906-beaconing-0"
327476,"20260906-beaconing-0"
327497,"20260906-beaconing-0"
327515,"20260906-beaconing-0"
327535,"20260906-beaconing-0"
327554,"20260906-beaconing-0"
327568,"20260906-beaconing-0"
327588,"20260906-beaconing-0"
327609,"20260906-beaconing-0"
327628,"20260906-beaconing-0"
327650,"20260906-beaconing-0"
327670,"20260906-beaconing-0"
327696,"20260906-beaconing-0"
327721,"20260906-beaconing-0"
327739,"20260906-beaconing-0"
327752,"20260906-beaconing-0"
327774,"20260906-beaconing-0"
327787,"20260906-beaconing-0"
327802,"20260906-beaconing-0"
327819,"20260906-beaconing-0"
327839,"20260906-beaconing-0"
327859,"20260906-beaconing-0"
327879,"20260906-beaconing-0"
327894,"20260906-beaconing-0"
327906,"20260906-beaconing-0"
327933,"20260906-beaconing-0"
327949,"20260906-beaconing-0"
327970,"20260906-beaconing-0"
327993,"20260906-beaconing-0"
328024,"20260906-beaconing-0"
328045,"20260906-beaconing-0"
328061,"20260906-beaconing-0"
328081,"20260906-beaconing-0"
328099,"20260906-beaconing-0"
328121,"20260906-exfil_burst-0"
328125,"20260906-beaconing-0"
328150,"20260906-beaconing-0"
328169,"20260906-beaconing-0"
328186,"20260906-beaconing-0"
328192,"20260906-exfil_burst-0"
328193,"20260906-exfil_burst-0"
328199,"20260906-exfil_burst-0"
328208,"20260906-beaconing-0"
328209,"20260906-exfil_burst-0"
328223,"20260906-beaconing-0"
328233,"20260906-exfil_burst-0"
328245,"20260906-exfil_burst-0"
328247,"20260906-beaconing-0"
328249,"20260906-exfil_burst-0"
328257,"20260906-exfil_burst-0"
328264,"20260906-beaconing-0"
328269,"20260906-exfil_burst-0"
328277,"20260906-beaconing-0"
328294,"20260906-exfil_burst-0"
328298,"20260906-beaconing-0"
328314,"20260906-beaconing-0"
328325,"20260906-exfil_burst-0"
328339,"20260906-exfil_burst-0"
328343,"20260906-beaconing-0"
328352,"20260906-exfil_burst-0"
328364,"20260906-beaconing-0"
328380,"20260906-beaconing-0"
328399,"20260906-beaconing-0"
328414,"20260906-beaconing-0"
328436,"20260906-beaconing-0"
328450,"20260906-beaconing-0"
328464,"20260906-exfil_burst-0"
328468,"20260906-beaconing-0"
328486,"20260906-exfil_burst-0"
328487,"20260906-beaconing-0"
328492,"20260906-exfil_burst-0"
328504,"20260906-beaconing-0"
328507,"20260906-exfil_burst-0"
328522,"20260906-beaconing-0"
328529,"20260906-exfil_burst-0"
328537,"20260906-beaconing-0"
328554,"20260906-beaconing-0"
328582,"20260906-beaconing-0"
328600,"20260906-beaconing-0"
328621,"20260906-beaconing-0"
328622,"20260906-exfil_burst-0"
328636,"20260906-beaconing-0"
328650,"20260906-beaconing-0"
328662,"20260906-beaconing-0"
328678,"20260906-beaconing-0"
328694,"20260906-beaconing-0"
328712,"20260906-beaconing-0"
328729,"20260906-beaconing-0"
328746,"20260906-beaconing-0"
328767,"20260906-beaconing-0"
328786,"20260906-beaconing-0"
328816,"20260906-beaconing-0"
328827,"20260906-beaconing-0"
328850,"20260906-beaconing-0"
328868,"20260906-beaconing-0"
328889,"20260906-beaconing-0"
328913,"20260906-beaconing-0"
328935,"20260906-beaconing-0"
328950,"20260906-beaconing-0"
328968,"20260906-beaconing-0"
328988,"20260906-beaconing-0"
329002,"20260906-beaconing-0"
329025,"20260906-beaconing-0"
329043,"20260906-beaconing-0"
329057,"20260906-beaconing-0"
329072,"20260906-beaconing-0"
329086,"20260906-beaconing-0"
329105,"20260906-beaconing-0"
329122,"20260906-beaconing-0"
329144,"20260906-beaconing-0"
329168,"20260906-beaconing-0"
329186,"20260906-beaconing-0"
329202,"20260906-beaconing-0"
329217,"20260906-beaconing-0"
329239,"20260906-beaconing-0"
329259,"20260906-beaconing-0"
329271,"20260906-beaconing-0"
329282,"20260906-beaconing-0"
329303,"20260906-beaconing-0"
329323,"20260906-beaconing-0"
329339,"20260906-beaconing-0"
329359,"20260906-beaconing-0"
329382,"20260906-beaconing-0"
329403,"20260906-beaconing-0"
329417,"20260906-beaconing-0"
329431,"20260906-beaconing-0"
329444,"20260906-beaconing-0"
329466,"20260906-beaconing-0"
329483,"20260906-beaconing-0"
329493,"20260906-beaconing-0"
329515,"20260906-beaconing-0"
329533,"20260906-beaconing-0"
329562,"20260906-beaconing-0"
329583,"20260906-beaconing-0"
329597,"20260906-beaconing-0"
329616,"20260906-beaconing-0"
329633,"20260906-beaconing-0"
329642,"20260906-beaconing-0"
329654,"20260906-beaconing-0"
329672,"20260906-beaconing-0"
329685,"20260906-beaconing-0"
329704,"20260906-beaconing-0"
329731,"20260906-beaconing-0"
329754,"20260906-beaconing-0"
329778,"20260906-beaconing-0"
329797,"20260906-beaconing-0"
329814,"20260906-beaconing-0"
329833,"20260906-beaconing-0"
329851,"20260906-beaconing-0"
329865,"20260906-beaconing-0"
329885,"20260906-beaconing-0"
329902,"20260906-beaconing-0"
329921,"20260906-beaconing-0"
329940,"20260906-beaconing-0"
329962,"20260906-beaconing-0"
329978,"20260906-beaconing-0"
330003,"20260906-beaconing-0"
330018,"20260906-beaconing-0"
330036,"20260906-beaconing-0"
330054,"20260906-beaconing-0"
330075,"20260906-beaconing-0"
330095,"20260906-beaconing-0"
330110,"20260906-beaconing-0"
330124,"20260906-beaconing-0"
330136,"20260906-beaconing-0"
330155,"20260906-beaconing-0"
330174,"20260906-beaconing-0"
330187,"20260906-beaconing-0"
330211,"20260906-beaconing-0"
330227,"20260906-beaconing-0"
330244,"20260906-beaconing-0"
330254,"20260906-beaconing-0"
330269,"20260906-beaconing-0"
330293,"20260906-beaconing-0"
330313,"20260906-beaconing-0"
330329,"20260906-beaconing-0"
330347,"20260906-beaconing-0"
330361,"20260906-beaconing-0"
330393,"20260906-beaconing-0"
330417,"20260906-beaconing-0"
330434,"20260906-beaconing-0"
330454,"20260906-beaconing-0"
330476,"20260906-beaconing-0"
330493,"20260906-beaconing-0"
330517,"20260906-beaconing-0"
330529,"20260906-beaconing-0"
330544,"20260906-beaconing-0"
330565,"20260906-beaconing-0"
330581,"20260906-beaconing-0"
330600,"20260906-beaconing-0"
330612,"20260906-beaconing-0"
330630,"20260906-beaconing-0"
330652,"20260906-beaconing-0"
330672,"20260906-beaconing-0"
330696,"20260906-beaconing-0"
330714,"20260906-beaconing-0"
330734,"20260906-beaconing-0"
330750,"20260906-beaconing-0"
330775,"20260906-beaconing-0"
330790,"20260906-beaconing-0"
330809,"20260906-beaconing-0"
330834,"20260906-beaconing-0"
330849,"20260906-beaconing-0"
330866,"20260906-beaconing-0"
330883,"20260906-beaconing-0"
330905,"20260906-beaconing-0"
330928,"20260906-beaconing-0"
330959,"20260906-beaconing-0"
330984,"20260906-beaconing-0"
331002,"20260906-beaconing-0"
331019,"20260906-beaconing-0"
331044,"20260906-beaconing-0"
331060,"20260906-beaconing-0"
331082,"20260906-beaconing-0"
331112,"20260906-beaconing-0"
331139,"20260906-beaconing-0"
331161,"20260906-beaconing-0"
331178,"20260906-beaconing-0"
331192,"20260906-beaconing-0"
331215,"20260906-beaconing-0"
331235,"20260906-beaconing-0"
331251,"20260906-beaconing-0"
331266,"20260906-beaconing-0"
331287,"20260906-beaconing-0"
331301,"20260906-beaconing-0"
331316,"20260906-beaconing-0"
331339,"20260906-beaconing-0"
331359,"20260906-beaconing-0"
331378,"20260906-beaconing-0"
331403,"20260906-beaconing-0"
331425,"20260906-beaconing-0"
331443,"20260906-beaconing-0"
331470,"20260906-beaconing-0"
331478,"20260906-horizontal_scan-0"
331479,"20260906-horizontal_scan-0"
331483,"20260906-horizontal_scan-0"
331486,"20260906-horizontal_scan-0"
331488,"20260906-horizontal_scan-0"
331490,"20260906-horizontal_scan-0"
331497,"20260906-beaconing-0"
331498,"20260906-horizontal_scan-0"
331500,"20260906-horizontal_scan-0"
331502,"20260906-horizontal_scan-0"
331503,"20260906-horizontal_scan-0"
331507,"20260906-horizontal_scan-0"
331509,"20260906-horizontal_scan-0"
331510,"20260906-horizontal_scan-0"
331512,"20260906-horizontal_scan-0"
331519,"20260906-horizontal_scan-0"
331523,"20260906-beaconing-0"
331531,"20260906-horizontal_scan-0"
331532,"20260906-horizontal_scan-0"
331533,"20260906-horizontal_scan-0"
331535,"20260906-horizontal_scan-0"
331537,"20260906-horizontal_scan-0"
331542,"20260906-horizontal_scan-0"
331545,"20260906-horizontal_scan-0"
331547,"20260906-horizontal_scan-0"
331552,"20260906-beaconing-0"
331553,"20260906-horizontal_scan-0"
331554,"20260906-horizontal_scan-0"
331555,"20260906-horizontal_scan-0"
331573,"20260906-horizontal_scan-0"
331577,"20260906-horizontal_scan-0"
331578,"20260906-horizontal_scan-0"
331585,"20260906-horizontal_scan-0"
331587,"20260906-horizontal_scan-0"
331589,"20260906-beaconing-0"
331590,"20260906-horizontal_scan-0"
331595,"20260906-horizontal_scan-0"
331601,"20260906-horizontal_scan-0"
331602,"20260906-horizontal_scan-0"
331606,"20260906-horizontal_scan-0"
331607,"20260906-horizontal_scan-0"
331613,"20260906-beaconing-0"
331616,"20260906-horizontal_scan-0"
331620,"20260906-horizontal_scan-0"
331626,"20260906-horizontal_scan-0"
331627,"20260906-horizontal_scan-0"
331633,"20260906-horizontal_scan-0"
331636,"20260906-horizontal_scan-0"
331637,"20260906-horizontal_scan-0"
331638,"20260906-horizontal_scan-0"
331643,"20260906-beaconing-0"
331645,"20260906-horizontal_scan-0"
331646,"20260906-horizontal_scan-0"
331651,"20260906-horizontal_scan-0"
331652,"20260906-horizontal_scan-0"
331654,"20260906-horizontal_scan-0"
331655,"20260906-horizontal_scan-0"
331661,"20260906-horizontal_scan-0"
331662,"20260906-horizontal_scan-0"
331663,"20260906-horizontal_scan-0"
331664,"20260906-horizontal_scan-0"
331665,"20260906-beaconing-0"
331666,"20260906-horizontal_scan-0"
331672,"20260906-horizontal_scan-0"
331679,"20260906-horizontal_scan-0"
331681,"20260906-horizontal_scan-0"
331691,"20260906-horizontal_scan-0"
331692,"20260906-beaconing-0"
331698,"20260906-horizontal_scan-0"
331700,"20260906-horizontal_scan-0"
331701,"20260906-horizontal_scan-0"
331704,"20260906-horizontal_scan-0"
331712,"20260906-horizontal_scan-0"
331713,"20260906-horizontal_scan-0"
331714,"20260906-horizontal_scan-0"
331719,"20260906-horizontal_scan-0"
331725,"20260906-horizontal_scan-0"
331727,"20260906-horizontal_scan-0"
331729,"20260906-beaconing-0"
331731,"20260906-horizontal_scan-0"
331732,"20260906-horizontal_scan-0"
331738,"20260906-horizontal_scan-0"
331743,"20260906-horizontal_scan-0"
331744,"20260906-horizontal_scan-0"
331746,"20260906-horizontal_scan-0"
331748,"20260906-horizontal_scan-0"
331752,"20260906-horizontal_scan-0"
331757,"20260906-beaconing-0"
331769,"20260906-horizontal_scan-0"
331770,"20260906-horizontal_scan-0"
331771,"20260906-horizontal_scan-0"
331777,"20260906-horizontal_scan-0"
331779,"20260906-horizontal_scan-0"
331786,"20260906-horizontal_scan-0"
331793,"20260906-horizontal_scan-0"
331794,"20260906-horizontal_scan-0"
331795,"20260906-beaconing-0"
331796,"20260906-horizontal_scan-0"
331797,"20260906-horizontal_scan-0"
331799,"20260906-horizontal_scan-0"
331801,"20260906-horizontal_scan-0"
331804,"20260906-horizontal_scan-0"
331806,"20260906-horizontal_scan-0"
331819,"20260906-horizontal_scan-0"
331822,"20260906-horizontal_scan-0"
331824,"20260906-horizontal_scan-0"
331825,"20260906-horizontal_scan-0"
331827,"20260906-horizontal_scan-0"
331830,"20260906-beaconing-0"
331831,"20260906-horizontal_scan-0"
331832,"20260906-horizontal_scan-0"
331846,"20260906-horizontal_scan-0"
331848,"20260906-horizontal_scan-0"
331850,"20260906-horizontal_scan-0"
331851,"20260906-horizontal_scan-0"
331852,"20260906-horizontal_scan-0"
331853,"20260906-horizontal_scan-0"
331859,"20260906-beaconing-0"
331864,"20260906-horizontal_scan-0"
331865,"20260906-horizontal_scan-0"
331868,"20260906-horizontal_scan-0"
331869,"20260906-horizontal_scan-0"
331883,"20260906-horizontal_scan-0"
331886,"20260906-horizontal_scan-0"
331888,"20260906-beaconing-0"
331890,"20260906-horizontal_scan-0"
331891,"20260906-horizontal_scan-0"
331892,"20260906-horizontal_scan-0"
331894,"20260906-horizontal_scan-0"
331896,"20260906-horizontal_scan-0"
331897,"20260906-horizontal_scan-0"
331901,"20260906-horizontal_scan-0"
331902,"20260906-horizontal_scan-0"
331905,"20260906-horizontal_scan-0"
331916,"20260906-beaconing-0"
331945,"20260906-beaconing-0"
331967,"20260906-beaconing-0"
331984,"20260906-beaconing-0"
332010,"20260906-beaconing-0"
332034,"20260906-beaconing-0"
332055,"20260906-beaconing-0"
332074,"20260906-beaconing-0"
332093,"20260906-beaconing-0"
332112,"20260906-beaconing-0"
332129,"20260906-beaconing-0"
332160,"20260906-beaconing-0"
332182,"20260906-beaconing-0"
332199,"20260906-beaconing-0"
332225,"20260906-beaconing-0"
332252,"20260906-beaconing-0"
332267,"20260906-beaconing-0"
332288,"20260906-beaconing-0"
332307,"20260906-beaconing-0"
332327,"20260906-beaconing-0"
332348,"20260906-beaconing-0"
332366,"20260906-beaconing-0"
332387,"20260906-beaconing-0"
332412,"20260906-beaconing-0"
332436,"20260906-beaconing-0"
332453,"20260906-beaconing-0"
332477,"20260906-beaconing-0"
332499,"20260906-beaconing-0"
332517,"20260906-beaconing-0"
332538,"20260906-beaconing-0"
332559,"20260906-beaconing-0"
332580,"20260906-beaconing-0"
332601,"20260906-beaconing-0"
332624,"20260906-beaconing-0"
332644,"20260906-beaconing-0"
332662,"20260906-beaconing-0"
332685,"20260906-beaconing-0"
332714,"20260906-beaconing-0"
332734,"20260906-beaconing-0"
332758,"20260906-beaconing-0"
332779,"20260906-beaconing-0"
332799,"20260906-beaconing-0"
332821,"20260906-beaconing-0"
332844,"20260906-beaconing-0"
332862,"20260906-beaconing-0"
332884,"20260906-beaconing-0"
332909,"20260906-beaconing-0"
332933,"20260906-beaconing-0"
332946,"20260906-beaconing-0"
332969,"20260906-beaconing-0"
332993,"20260906-beaconing-0"
333011,"20260906-beaconing-0"
333049,"20260906-beaconing-0"
333070,"20260906-beaconing-0"
333110,"20260906-beaconing-0"
333129,"20260906-beaconing-0"
333165,"20260906-beaconing-0"
333187,"20260906-beaconing-0"
333213,"20260906-beaconing-0"
333234,"20260906-beaconing-0"
333258,"20260906-beaconing-0"
333284,"20260906-beaconing-0"
333311,"20260906-beaconing-0"
333332,"20260906-beaconing-0"
333358,"20260906-beaconing-0"
333393,"20260906-beaconing-0"
333416,"20260906-beaconing-0"
333445,"20260906-beaconing-0"
333464,"20260906-beaconing-0"
333489,"20260906-beaconing-0"
333516,"20260906-beaconing-0"
333536,"20260906-beaconing-0"
333555,"20260906-beaconing-0"
333577,"20260906-beaconing-0"
333607,"20260906-beaconing-0"
333629,"20260906-beaconing-0"
333659,"20260906-beaconing-0"
333694,"20260906-beaconing-0"
333718,"20260906-beaconing-0"
333745,"20260906-beaconing-0"
333776,"20260906-beaconing-0"
333789,"20260906-beaconing-0"
333809,"20260906-beaconing-0"
333827,"20260906-beaconing-0"
333850,"20260906-beaconing-0"
333868,"20260906-beaconing-0"
333893,"20260906-beaconing-0"
333921,"20260906-beaconing-0"
333946,"20260906-beaconing-0"
333962,"20260906-beaconing-0"
333985,"20260906-beaconing-0"
334008,"20260906-beaconing-0"
334029,"20260906-beaconing-0"
334049,"20260906-beaconing-0"
334074,"20260906-beaconing-0"
334095,"20260906-beaconing-0"
334114,"20260906-beaconing-0"
334132,"20260906-beaconing-0"
334155,"20260906-beaconing-0"
334175,"20260906-beaconing-0"
334205,"20260906-beaconing-0"
334233,"20260906-beaconing-0"
334263,"20260906-beaconing-0"
334285,"20260906-beaconing-0"
334311,"20260906-beaconing-0"
334332,"20260906-beaconing-0"
362709,"20260906-vertical_scan-0"
362714,"20260906-vertical_scan-0"
362715,"20260906-vertical_scan-0"
362717,"20260906-vertical_scan-0"
362721,"20260906-vertical_scan-0"
362727,"20260906-vertical_scan-0"
362730,"20260906-vertical_scan-0"
362733,"20260906-vertical_scan-0"
362746,"20260906-vertical_scan-0"
362748,"20260906-vertical_scan-0"
362750,"20260906-vertical_scan-0"
362760,"20260906-vertical_scan-0"
362765,"20260906-vertical_scan-0"
362770,"20260906-vertical_scan-0"
362773,"20260906-vertical_scan-0"
362774,"20260906-vertical_scan-0"
362776,"20260906-vertical_scan-0"
362780,"20260906-vertical_scan-0"
362782,"20260906-vertical_scan-0"
362788,"20260906-vertical_scan-0"
362790,"20260906-vertical_scan-0"
362793,"20260906-vertical_scan-0"
362795,"20260906-vertical_scan-0"
362797,"20260906-vertical_scan-0"
362798,"20260906-vertical_scan-0"
362803,"20260906-vertical_scan-0"
362804,"20260906-vertical_scan-0"
362805,"20260906-vertical_scan-0"
362808,"20260906-vertical_scan-0"
362826,"20260906-vertical_scan-0"
362835,"20260906-vertical_scan-0"
362838,"20260906-vertical_scan-0"
362842,"20260906-vertical_scan-0"
362851,"20260906-vertical_scan-0"
362853,"20260906-vertical_scan-0"
362854,"20260906-vertical_scan-0"
362858,"20260906-vertical_scan-0"
362859,"20260906-vertical_scan-0"
362860,"20260906-vertical_scan-0"
362863,"20260906-vertical_scan-0"
362866,"20260906-vertical_scan-0"
362868,"20260906-vertical_scan-0"
362873,"20260906-vertical_scan-0"
362874,"20260906-vertical_scan-0"
362875,"20260906-vertical_scan-0"
362878,"20260906-vertical_scan-0"
362882,"20260906-vertical_scan-0"
362886,"20260906-vertical_scan-0"
362887,"20260906-vertical_scan-0"
362888,"20260906-vertical_scan-0"
362891,"20260906-vertical_scan-0"
362902,"20260906-vertical_scan-0"
362903,"20260906-vertical_scan-0"
362904,"20260906-vertical_scan-0"
362907,"20260906-vertical_scan-0"
362911,"20260906-vertical_scan-0"
362913,"20260906-vertical_scan-0"
362916,"20260906-vertical_scan-0"
362924,"20260906-vertical_scan-0"
362936,"20260906-vertical_scan-0"
362938,"20260906-vertical_scan-0"
362952,"20260906-vertical_scan-0"
362953,"20260906-vertical_scan-0"
362957,"20260906-vertical_scan-0"
362958,"20260906-vertical_scan-0"
362961,"20260906-vertical_scan-0"
362967,"20260906-vertical_scan-0"
362969,"20260906-vertical_scan-0"
362978,"20260906-vertical_scan-0"
362979,"20260906-vertical_scan-0"
362981,"20260906-vertical_scan-0"
362982,"20260906-vertical_scan-0"
362984,"20260906-vertical_scan-0"
363000,"20260906-vertical_scan-0"
363010,"20260906-vertical_scan-0"
363034,"20260906-vertical_scan-0"
363038,"20260906-vertical_scan-0"
363041,"20260906-vertical_scan-0"
363045,"20260906-vertical_scan-0"
363048,"20260906-vertical_scan-0"
363050,"20260906-vertical_scan-0"
363054,"20260906-vertical_scan-0"
363055,"20260906-vertical_scan-0"
363057,"20260906-vertical_scan-0"
363065,"20260906-vertical_scan-0"
363078,"20260906-vertical_scan-0"
363094,"20260906-vertical_scan-0"
363098,"20260906-vertical_scan-0"
363100,"20260906-vertical_scan-0"
363104,"20260906-vertical_scan-0"
363112,"20260906-vertical_scan-0"
363116,"20260906-vertical_scan-0"
363118,"20260906-vertical_scan-0"
363124,"20260906-vertical_scan-0"
363125,"20260906-vertical_scan-0"
363126,"20260906-vertical_scan-0"
363129,"20260906-vertical_scan-0"
363131,"20260906-vertical_scan-0"
363137,"20260906-vertical_scan-0"
363138,"20260906-vertical_scan-0"
363142,"20260906-vertical_scan-0"
363144,"20260906-vertical_scan-0"
363146,"20260906-vertical_scan-0"
363147,"20260906-vertical_scan-0"
363148,"20260906-vertical_scan-0"
363151,"20260906-vertical_scan-0"
363153,"20260906-vertical_scan-0"
363161,"20260906-vertical_scan-0"
363170,"20260906-vertical_scan-0"
363174,"20260906-vertical_scan-0"
363188,"20260906-vertical_scan-0"
363195,"20260906-vertical_scan-0"
363199,"20260906-vertical_scan-0"
363222,"20260906-vertical_scan-0"
363223,"20260906-vertical_scan-0"
363224,"20260906-vertical_scan-0"
363225,"20260906-vertical_scan-0"
363227,"20260906-vertical_scan-0"
363230,"20260906-vertical_scan-0"
363233,"20260906-vertical_scan-0"
363241,"20260906-vertical_scan-0"
363242,"20260906-vertical_scan-0"
363244,"20260906-vertical_scan-0"
363245,"20260906-vertical_scan-0"
363246,"20260906-vertical_scan-0"
363253,"20260906-vertical_scan-0"
363262,"20260906-vertical_scan-0"
363269,"20260906-vertical_scan-0"
363270,"20260906-vertical_scan-0"
363281,"20260906-vertical_scan-0"
363283,"20260906-vertical_scan-0"
363284,"20260906-vertical_scan-0"
363285,"20260906-vertical_scan-0"
363288,"20260906-vertical_scan-0"
363289,"20260906-vertical_scan-0"
363306,"20260906-vertical_scan-0"
363310,"20260906-vertical_scan-0"
363318,"20260906-vertical_scan-0"
363324,"20260906-vertical_scan-0"
363335,"20260906-vertical_scan-0"
363337,"20260906-vertical_scan-0"
363343,"20260906-vertical_scan-0"
363344,"20260906-vertical_scan-0"
363348,"20260906-vertical_scan-0"
363350,"20260906-vertical_scan-0"
363353,"20260906-vertical_scan-0"
363361,"20260906-vertical_scan-0"
363367,"20260906-vertical_scan-0"
363369,"20260906-vertical_scan-0"
363370,"20260906-vertical_scan-0"
363373,"20260906-vertical_scan-0"
363379,"20260906-vertical_scan-0"
363383,"20260906-vertical_scan-0"
363384,"20260906-vertical_scan-0"
363389,"20260906-vertical_scan-0"
363394,"20260906-vertical_scan-0"
363396,"20260906-vertical_scan-0"
363407,"20260906-vertical_scan-0"
363412,"20260906-vertical_scan-0"
363425,"20260906-vertical_scan-0"
363429,"20260906-vertical_scan-0"
363436,"20260906-vertical_scan-0"
363450,"20260906-vertical_scan-0"
363451,"20260906-vertical_scan-0"
363453,"20260906-vertical_scan-0"
363459,"20260906-vertical_scan-0"
363464,"20260906-vertical_scan-0"
363466,"20260906-vertical_scan-0"
363467,"20260906-vertical_scan-0"
363471,"20260906-vertical_scan-0"
363474,"20260906-vertical_scan-0"
363482,"20260906-vertical_scan-0"
363487,"20260906-vertical_scan-0"
363489,"20260906-vertical_scan-0"
363491,"20260906-vertical_scan-0"
363494,"20260906-vertical_scan-0"
363496,"20260906-vertical_scan-0"
363505,"20260906-vertical_scan-0"
363508,"20260906-vertical_scan-0"
363513,"20260906-vertical_scan-0"
363515,"20260906-vertical_scan-0"
363524,"20260906-vertical_scan-0"
363527,"20260906-vertical_scan-0"
363535,"20260906-vertical_scan-0"
363538,"20260906-vertical_scan-0"
363546,"20260906-vertical_scan-0"
363554,"20260906-vertical_scan-0"
363562,"20260906-vertical_scan-0"
363573,"20260906-vertical_scan-0"
363578,"20260906-vertical_scan-0"
363595,"20260906-vertical_scan-0"
363596,"20260906-vertical_scan-0"
363599,"20260906-vertical_scan-0"
363601,"20260906-vertical_scan-0"
363605,"20260906-vertical_scan-0"
363609,"20260906-vertical_scan-0"
363610,"20260906-vertical_scan-0"
363626,"20260906-vertical_scan-0"
363630,"20260906-vertical_scan-0"
363634,"20260906-vertical_scan-0"
363635,"20260906-vertical_scan-0"
363637,"20260906-vertical_scan-0"
363655,"20260906-vertical_scan-0"
363663,"20260906-vertical_scan-0"
363668,"20260906-vertical_scan-0"
363671,"20260906-vertical_scan-0"
363673,"20260906-vertical_scan-0"
363678,"20260906-vertical_scan-0"
363679,"20260906-vertical_scan-0"
363681,"20260906-vertical_scan-0"
363685,"20260906-vertical_scan-0"
363686,"20260906-vertical_scan-0"
363688,"20260906-vertical_scan-0"
363692,"20260906-vertical_scan-0"
363693,"20260906-vertical_scan-0"
363702,"20260906-vertical_scan-0"
363708,"20260906-vertical_scan-0"
363720,"20260906-vertical_scan-0"
363725,"20260906-vertical_scan-0"
363732,"20260906-vertical_scan-0"
363736,"20260906-vertical_scan-0"
363737,"20260906-vertical_scan-0"
363739,"20260906-vertical_scan-0"
363743,"20260906-vertical_scan-0"
363753,"20260906-vertical_scan-0"
363758,"20260906-vertical_scan-0"
363760,"20260906-vertical_scan-0"
363762,"20260906-vertical_scan-0"
363765,"20260906-vertical_scan-0"
363768,"20260906-vertical_scan-0"
363774,"20260906-vertical_scan-0"
363778,"20260906-vertical_scan-0"
363783,"20260906-vertical_scan-0"
363792,"20260906-vertical_scan-0"
363793,"20260906-vertical_scan-0"
363799,"20260906-vertical_scan-0"
363801,"20260906-vertical_scan-0"
363805,"20260906-vertical_scan-0"
363806,"20260906-vertical_scan-0"
363812,"20260906-vertical_scan-0"
363817,"20260906-vertical_scan-0"
363818,"20260906-vertical_scan-0"
363834,"20260906-vertical_scan-0"
363835,"20260906-vertical_scan-0"
363840,"20260906-vertical_scan-0"
363849,"20260906-vertical_scan-0"
363852,"20260906-vertical_scan-0"
363856,"20260906-vertical_scan-0"
363859,"20260906-vertical_scan-0"
363873,"20260906-vertical_scan-0"
363887,"20260906-vertical_scan-0"
363892,"20260906-vertical_scan-0"
363894,"20260906-vertical_scan-0"
363898,"20260906-vertical_scan-0"
363901,"20260906-vertical_scan-0"
363909,"20260906-vertical_scan-0"
363913,"20260906-vertical_scan-0"
363915,"20260906-vertical_scan-0"
363916,"20260906-vertical_scan-0"
363927,"20260906-vertical_scan-0"
363928,"20260906-vertical_scan-0"
363937,"20260906-vertical_scan-0"
363939,"20260906-vertical_scan-0"
363943,"20260906-vertical_scan-0"
363946,"20260906-vertical_scan-0"
363949,"20260906-vertical_scan-0"
363951,"20260906-vertical_scan-0"
363958,"20260906-vertical_scan-0"
363959,"20260906-vertical_scan-0"
363964,"20260906-vertical_scan-0"
363972,"20260906-vertical_scan-0"
363976,"20260906-vertical_scan-0"
363977,"20260906-vertical_scan-0"
363994,"20260906-vertical_scan-0"
363997,"20260906-vertical_scan-0"
363998,"20260906-vertical_scan-0"
364000,"20260906-vertical_scan-0"
364006,"20260906-vertical_scan-0"
364010,"20260906-vertical_scan-0"
364012,"20260906-vertical_scan-0"
364021,"20260906-vertical_scan-0"
364029,"20260906-vertical_scan-0"
364036,"20260906-vertical_scan-0"
364041,"20260906-vertical_scan-0"
364047,"20260906-vertical_scan-0"
364048,"20260906-vertical_scan-0"
364054,"20260906-vertical_scan-0"
364061,"20260906-vertical_scan-0"
364063,"20260906-vertical_scan-0"
364067,"20260906-vertical_scan-0"
364070,"20260906-vertical_scan-0"
364071,"20260906-vertical_scan-0"
364073,"20260906-vertical_scan-0"
364074,"20260906-vertical_scan-0"
364075,"20260906-vertical_scan-0"
364076,"20260906-vertical_scan-0"
364078,"20260906-vertical_scan-0"
364082,"20260906-vertical_scan-0"
364084,"20260906-vertical_scan-0"
364085,"20260906-vertical_scan-0"
